role,path,exists,size,sha256_begin
paper,E:\Matlab\Simulink\S-Function_16\results\paper\Latex\paper_v4_final_candidate.tex,True,117431,3426bdceb0029d2cfc165e0ee4a07ca988cc4963da1ee1c1938bbc084b5694a8
root protocol,E:\Matlab\Simulink\S-Function_16\results\modern_tcn_metric_rebuild\53_moderntcn_fuzzyakf6d_fusion_rebuild\protocol_lock.json,True,2436,efeb294f74e7eab9851fb2a0602d21966b6bcbf974829f1517eb4cb1d0ad73e0
V7 frozen config,E:\Matlab\Simulink\S-Function_16\results\modern_tcn_metric_rebuild\53_moderntcn_fuzzyakf6d_fusion_rebuild\04_fusion_calibration\iterations\08_slope_aware_paper_fusion_v7\selected_fusion_config.json,True,65217,7760bec98f6fa3ae1602abf29ec679b98bc91fe47fc9abf958099718b97dd1e4
V7 development assessment,E:\Matlab\Simulink\S-Function_16\results\modern_tcn_metric_rebuild\53_moderntcn_fuzzyakf6d_fusion_rebuild\04_fusion_calibration\iterations\08_slope_aware_paper_fusion_v7\offline_development_assessment.json,True,1211,e5a6a0d06d338b5252077b8e3ce8c022c21f1edec1b2017f9be400afd3ff7fc7
V7 sklearn model,E:\Matlab\Simulink\S-Function_16\results\modern_tcn_metric_rebuild\53_moderntcn_fuzzyakf6d_fusion_rebuild\04_fusion_calibration\iterations\08_slope_aware_paper_fusion_v7\models\final_train_validation_hist_gradient_boosting.joblib,True,140520,3796594bbddcdc4020b1b793c5ba5969f2bbf8b3d22d1419bad3194d5a7e7f42
V7 MATLAB export,E:\Matlab\Simulink\S-Function_16\results\modern_tcn_metric_rebuild\53_moderntcn_fuzzyakf6d_fusion_rebuild\08_formal_six_path_exploratory_v7\config\v7_hist_gradient_boosting_export.json,True,281221,6ce3ab30e091276ef261069af8b4be0aed135ce9bcd7497280df32baa2137106
R2_06 config,E:\Matlab\Simulink\S-Function_16\results\modern_tcn_metric_rebuild\53_moderntcn_fuzzyakf6d_fusion_rebuild\02_fuzzyakf6\R2_06_FuzzyAKF6D.json,True,673,8ae002f89006d0b0ec9456e169f8faf34e309113a7e7592629c5c205f9b46ab4
ModernTCN ONNX,E:\Matlab\Simulink\S-Function_16\results\modern_tcn_metric_rebuild\25_lag_representation_repair\03_onnx_and_smoke\delta_bank_124\seed42\modern_tcn_delta_bank_124_seed42.onnx,True,578793,45e1fc805ca93c2572d85bf4d90744b7f486b0bddbd7503cd44e9c2b1ee4835e
ModernTCN checkpoint,E:\Matlab\Simulink\S-Function_16\results\modern_tcn_metric_rebuild\25_lag_representation_repair\02_train_candidates\delta_bank_124\seed42\modern_tcn_seed42.pt,True,633947,d49238d2a90803a4abbc8ca65f822b3f65f4f77b62be3b9f10227b9e038895f7
upstream model,E:\Matlab\Simulink\S-Function_16\results\modern_tcn_metric_rebuild\51_moderntcn_rkf_highrisk_suppression_rebuild\05_model_freeze\LPVMPC_AGV_ModernTCN_RKFFusion_Node51.slx,True,464864,58655e4dda194404962db0e2d9568811f8a5f40e53dc26136e279f46f9bea4e5
six-path input,E:\Matlab\Simulink\S-Function_16\data\paths\path_factory_logistics_showcase_theta10_v10.mat,True,1284661,4291e3ad60a5e3dbb79ae60f115c53bc6db71447309c758b97bf539f56e58670
six-path input,E:\Matlab\Simulink\S-Function_16\data\paths\path_closed_loop_sharp_turn_transition_theta10_v1.mat,True,334913,c5c5f33077067f1c98bd319d199cc4f4096aa6fa309f8d692c5662882e5d1f68
six-path input,E:\Matlab\Simulink\S-Function_16\data\paths\path_closed_loop_long_updown_theta10_v1.mat,True,297731,ab82393620a90964d3973f42bec9bcdb8ac0733db5db08670d152fded5ca2e08
six-path input,E:\Matlab\Simulink\S-Function_16\data\paths\modern_tcn_showcase\candidates\path_modern_tcn_showcase_candidate_soft_updown_straight_turn_v1.mat,True,341426,0ceee80c3e6883f803df538a0e3519d2ac14966ab70af5c17e9514dd50fa895d
six-path input,E:\Matlab\Simulink\S-Function_16\data\paths\modern_tcn_showcase\candidates\path_modern_tcn_showcase_candidate_factory_flat_logistics_safe_190_v1.mat,True,966497,8817d10f891dfc8956d676081c946c68714043e541c31ba54c4656fd09d8687e
six-path input,E:\Matlab\Simulink\S-Function_16\data\paths\factory_targeted_eval\path_factory_target_downhill_straight_after_turn_v1.mat,True,318564,c929727187cf8ae08030636e47d2b0a465d2cddaa68f0b8b8b0b8a5ad630ece8
Node53 runtime source,E:\Matlab\Simulink\S-Function_16\results\modern_tcn_metric_rebuild\53_moderntcn_fuzzyakf6d_fusion_rebuild\tools\node53_v7_runtime_config.m,True,3455,6912be4e42bb6e721236c327533758406bb5f3c2a7536acbf9ac10e65e88a4d4
Node53 runtime source,E:\Matlab\Simulink\S-Function_16\results\modern_tcn_metric_rebuild\53_moderntcn_fuzzyakf6d_fusion_rebuild\tools\node53_v7_runtime_selector.m,True,3349,e713532f7cb0f8cddcbaf525c4fce37e86724e80e002a56ca99cd97657745731
Node53 runtime source,E:\Matlab\Simulink\S-Function_16\results\modern_tcn_metric_rebuild\53_moderntcn_fuzzyakf6d_fusion_rebuild\tools\node53_v7_runtime_features.m,True,1867,35f8846194d7c1fc8540955a245fe55abb5486220c00e725ec439cb265ab89b2
Node53 runtime source,E:\Matlab\Simulink\S-Function_16\results\modern_tcn_metric_rebuild\53_moderntcn_fuzzyakf6d_fusion_rebuild\tools\node53_v7_predict_help.m,True,1002,640d13ec32031c5805645e2b34aeb66b25a77f9209ffbd579ed2f90942c3fba0
Node53 runtime source,E:\Matlab\Simulink\S-Function_16\results\modern_tcn_metric_rebuild\53_moderntcn_fuzzyakf6d_fusion_rebuild\tools\node53_v7_uncertainty_fusion.m,True,4407,cd7aca1a133cbfcba57485697393820445a3ed60f0a8984a0a23b833dad4ce5f
Node53 runtime source,E:\Matlab\Simulink\S-Function_16\results\modern_tcn_metric_rebuild\53_moderntcn_fuzzyakf6d_fusion_rebuild\tools\node53_fuzzyakf6_estimator.m,True,2605,ddad6e34bf1901c93d9a30e66d58b84b1e7cb69878b97d9ba4711b15fa5f0acf
Node53 runtime source,E:\Matlab\Simulink\S-Function_16\results\modern_tcn_metric_rebuild\53_moderntcn_fuzzyakf6d_fusion_rebuild\tools\agv_model_sfunc_node53_fuzzyakf6d.m,True,5595,2db4fa6123346cb240b090c96a367b55b3c0eab2dfd69c5446e3abb4c3953d58
Node53 runtime source,E:\Matlab\Simulink\S-Function_16\results\modern_tcn_metric_rebuild\53_moderntcn_fuzzyakf6d_fusion_rebuild\tools\ModernTCN_FuzzyAKF6DFusion_Node53_v7_sim.m,True,1176,697a88ddfe1339782fea5039c43843701163bdb8154aaa6dccf41e5df878b82a
Node53 runtime source,E:\Matlab\Simulink\S-Function_16\results\modern_tcn_metric_rebuild\53_moderntcn_fuzzyakf6d_fusion_rebuild\tools\node53_v7_exploratory_spec.m,True,3378,3140149ca345be3d898741621b757d2be9886989c43fda5f4650a5aab5cec94a
Node53 runtime source,E:\Matlab\Simulink\S-Function_16\results\modern_tcn_metric_rebuild\53_moderntcn_fuzzyakf6d_fusion_rebuild\tools\run_node53_v7_exploratory_six_path.m,True,14769,0169cff18946f9016df1280426b6a504491b47bd4e21183a194659c1965f664d
Node53 exploratory model,E:\Matlab\Simulink\S-Function_16\results\modern_tcn_metric_rebuild\53_moderntcn_fuzzyakf6d_fusion_rebuild\06_model_freeze\v7_exploratory\LPVMPC_AGV_MTCN_FAKF6D_V7_Exp.slx,True,465001,e731de68dd07dffa32202b22d8d56506e5abf4406fed2800da2cd895806540d8
