"timestamp","pid","working_set_bytes","private_bytes","paged_bytes"
"2026-07-17T16:43:21.9676902+08:00","23276","2691072","573440","573440"
"2026-07-17T16:43:22.3506272+08:00","23276","4325376","819200","819200"
"2026-07-17T16:43:22.6167752+08:00","23276","4325376","819200","819200"
"2026-07-17T16:43:22.8823625+08:00","23276","4325376","819200","819200"
"2026-07-17T16:43:23.1494504+08:00","23276","4325376","819200","819200"
"2026-07-17T16:43:23.5074195+08:00","23276","4325376","819200","819200"
"2026-07-17T16:43:23.7747394+08:00","23276","4325376","819200","819200"
"2026-07-17T16:43:24.0273306+08:00","23276","4325376","819200","819200"
"2026-07-17T16:43:24.2947134+08:00","23276","4325376","819200","819200"
"2026-07-17T16:43:24.6552062+08:00","23276","4325376","819200","819200"
"2026-07-17T16:43:24.9229915+08:00","23276","4325376","819200","819200"
"2026-07-17T16:43:25.1897399+08:00","23276","4325376","819200","819200"
"2026-07-17T16:43:25.4571542+08:00","23276","4325376","819200","819200"
"2026-07-17T16:43:25.8190372+08:00","23276","4325376","819200","819200"
"2026-07-17T16:43:26.0721535+08:00","23276","4325376","819200","819200"
"2026-07-17T16:43:26.3383432+08:00","23276","4325376","819200","819200"
"2026-07-17T16:43:26.5912113+08:00","23276","4325376","819200","819200"
"2026-07-17T16:43:26.9541720+08:00","23276","4325376","819200","819200"
"2026-07-17T16:43:27.2204475+08:00","23276","4325376","819200","819200"
"2026-07-17T16:43:27.4878907+08:00","23276","4325376","819200","819200"
"2026-07-17T16:43:27.7542289+08:00","23276","4325376","819200","819200"
"2026-07-17T16:43:28.1318031+08:00","23276","4325376","819200","819200"
"2026-07-17T16:43:28.3976494+08:00","23276","4325376","819200","819200"
"2026-07-17T16:43:28.6649377+08:00","23276","4325376","819200","819200"
"2026-07-17T16:43:28.9328027+08:00","23276","4325376","819200","819200"
"2026-07-17T16:43:29.2921155+08:00","23276","4325376","819200","819200"
"2026-07-17T16:43:29.5582363+08:00","23276","4325376","819200","819200"
"2026-07-17T16:43:29.8242717+08:00","23276","4325376","819200","819200"
"2026-07-17T16:43:30.0918613+08:00","23276","4325376","819200","819200"
"2026-07-17T16:43:30.4514023+08:00","23276","4325376","819200","819200"
"2026-07-17T16:43:30.7189507+08:00","23276","4325376","819200","819200"
"2026-07-17T16:43:30.9857928+08:00","23276","4325376","819200","819200"
"2026-07-17T16:43:31.2533070+08:00","23276","4325376","819200","819200"
"2026-07-17T16:43:31.6153844+08:00","23276","4325376","819200","819200"
"2026-07-17T16:43:31.8821732+08:00","23276","4325376","819200","819200"
"2026-07-17T16:43:32.1476725+08:00","23276","4325376","819200","819200"
"2026-07-17T16:43:32.4144991+08:00","23276","4325376","819200","819200"
"2026-07-17T16:43:32.8072949+08:00","23276","4325376","819200","819200"
"2026-07-17T16:43:33.0740332+08:00","23276","4325376","819200","819200"
"2026-07-17T16:43:33.3417407+08:00","23276","4325376","819200","819200"
"2026-07-17T16:43:33.6080308+08:00","23276","4325376","819200","819200"
"2026-07-17T16:43:33.9672692+08:00","23276","4325376","819200","819200"
"2026-07-17T16:43:34.2196234+08:00","23276","4325376","819200","819200"
"2026-07-17T16:43:34.4734173+08:00","23276","4325376","819200","819200"
