t_s,e_y,e_psi,e_v,e_omega,xy_error,X,Y,X_ref,Y_ref,F_cmd,omega_cmd,F_limit_lo,F_limit_hi,omega_limit_lo,omega_limit_hi,theta_true,theta_ref,theta_imu_raw,theta_sched,solve_time_ms
0,0,0,-0.88,0,0,0,0,0,0,72.7501682331786,8.09872435443282e-05,-660,660,-1.32,1.32,0,0,0.0138282518915729,0,0.0229593
0.01,0,0,-0.878003065404452,0,0.00878993591956794,9.98467302465518e-06,0,0.00879992059259259,0,151.776390292682,1.66787317414929e-05,-660,660,-1.32,1.32,0,0,0.0131690020712904,0,0.0122567
0.02,0,0,-0.872363250605343,0,0.0175416880915703,5.81530936148648e-05,0,0.0175998411851852,0,225.109198101796,0.000219370880062186,-660,660,-1.32,1.32,0,0,0.0118476819715114,0,0.0109137
0.03,0,0,-0.863343007020255,0,0.0262201399697129,0.000179621808064865,0,0.0263997617777778,0,289.959749967791,0.000202907139767561,-660,660,-1.32,1.32,0,0,0.0104514185699159,0,0.0115661
0.04,0,0,-0.851333345572361,0,0.034793442318865,0.000406240051505388,0,0.0351996823703704,0,346.542938263156,0.000242021148084248,-660,660,-1.32,1.32,0,0,0.00905515516832047,0,0.0173047
0.05,0,0,-0.836682410738778,0,0.0432336064954545,0.00076599646750843,0,0.043999602962963,0,395.380508453585,0.000257266854633897,-660,660,-1.32,1.32,0,0,0.007658891766725,0,0.0099024
0.06,0,0,-0.819813187536142,0,0.0515157455033382,0.00128318886703216,0,0.0527989343703704,0,436.736576572992,0.000262727728953749,-660,660,-1.32,1.32,0,0,0.00626262836512954,0,0.0091776
0.07,0,0,-0.801037599650207,0,0.0596196604455859,0.00197860533219191,0,0.0615982657777778,0,470.74452366028,0.000260898259670128,-660,660,-1.32,1.32,0,0,0.00486636496353408,0,0.0087234
0.08,0,0,-0.780694387521404,0,0.0675279813758328,0.00286961580935244,0,0.0703975971851852,0,497.624147341587,0.000253638469603246,-660,660,-1.32,1.32,0,0,0.00347010156193861,0,0.0106188
0.09,0,0,-0.75911216139057,0,0.075226675101539,0.00397025349105359,0,0.0791969285925926,0,517.771773443557,0.000242430049882003,-660,660,-1.32,1.32,0,0,0.00207383816034315,0,0.0093093
0.1,0,0,-0.736503855912155,0,0.0827049031921541,0.00529135680784592,0,0.08799626,0,531.712050677277,0.000228515964709075,-660,660,-1.32,1.32,0,0,0.000677574758747684,0,0.0086698
0.11,0,0,-0.713350443890082,0,0.0899535849771276,0.00684078168953912,0,0.0967943666666667,0,540.151066006161,0.00021287561317429,-660,660,-1.32,1.32,0,0,-0.000718688642847779,0,0.0102867
0.12,0,0,-0.689808127496959,0,0.0969687881056744,0.00862368522765896,0,0.105592473333333,0,543.801289887167,0.000196403147798563,-660,660,-1.32,1.32,0,0,-0.00151068251372585,0,0.0096129
0.13,0,0,-0.666097673150898,0,0.103747727366639,0.0106428526333607,0,0.11439058,0,543.36108929012,0.000179741299477953,-660,660,-1.32,1.32,0,0,-0.00227512094822142,0,0.0090732
0.14,0,0,-0.64240765382466,0,0.110289664246129,0.0128990224205372,0,0.123188686666667,0,539.494324685074,0.000163369526989143,-660,660,-1.32,1.32,0,0,-0.00300597247342472,0,0.0086077
0.15,0,0,-0.618736409741754,0,0.116595592944613,0.0153912003887202,0,0.131986793333333,0,532.748219490982,0.000147646693521963,-660,660,-1.32,1.32,0,0,-0.00369887946382878,0,0.0102037
0.16,0,0,-0.595535943279626,0,0.122666123153521,0.0181169387724052,0,0.140783061925926,0,523.758485765196,0.000132721927103674,-660,660,-1.32,1.32,0,0,-0.00435080123641232,0,0.0086073
0.17,0,0,-0.572750061969332,0,0.128506721613898,0.0210726089046207,0,0.149579330518519,0,513.018457860686,0.000118848306799535,-660,660,-1.32,1.32,0,0,-0.00496012903146204,0,0.0144619
0.18,0,0,-0.550459460150775,0,0.134121937650254,0.0242536614608567,0,0.158375599111111,0,500.934235037304,0.0001060818844838,-660,660,-1.32,1.32,0,0,-0.00552629660815228,0,0.0088333
0.19,0,0,-0.528726110608747,0,0.139517033922723,0.0276548337809808,0,0.167171867703704,0,487.85071989987,9.4425897104955e-05,-660,660,-1.32,1.32,0,0,-0.00604953506606391,0,0.0095445
0.2,0,0,-0.507376455952974,0,0.144697813316524,0.0312703229797727,0,0.175968136296296,0,473.964833036996,8.3873530558165e-05,-660,660,-1.32,1.32,0,0,-0.0065306993908096,0,0.0104627
0.21,0,0,-0.486886748710604,0,0.149668064859211,0.0350939108444925,0,0.184761975703704,0,459.649236083962,7.42615977333827e-05,-660,660,-1.32,1.32,0,0,-0.0069709153292708,0,0.0093588
0.22,0,0,-0.467057172477131,0,0.154436719981053,0.0391190951300585,0,0.193555815111111,0,445.119352818467,6.56860023173778e-05,-660,660,-1.32,1.32,0,0,-0.00737195584870927,0,0.0087654
0.23,0,0,-0.44789760877714,0,0.159010429400784,0.0433392251177344,0,0.202349654518519,0,430.521314741112,5.8050719376368e-05,-660,660,-1.32,1.32,0,0,-0.00773586555124312,0,0.0087734
0.24,0,0,-0.429411201716247,0,0.163395908965208,0.0477475849607179,0,0.211143493925926,0,415.970922992565,5.12558634273574e-05,-660,660,-1.32,1.32,0,0,-0.00806480008842753,0,0.009532
0.25,0,0,-0.411318348817931,0,0.167599879266224,0.0523374540671095,0,0.219937333333333,0,401.439533398487,4.52374010411205e-05,-660,660,-1.32,1.32,0,0,-0.00836096049381719,0,0.008303
0.26,0,0,-0.39417298922892,0,0.171626047467951,0.0571021271987159,0,0.228728174666667,0,387.171984747983,3.97730340626623e-05,-660,660,-1.32,1.32,0,0,-0.00862628008652833,0,0.0096376
0.27,0,0,-0.377685552611243,0,0.175484051689496,0.0620349643105035,0,0.237519016,0,373.24668634031,3.49930237337759e-05,-660,660,-1.32,1.32,0,0,-0.00886304981872548,0,0.0093355
0.28,0,0,-0.36184026084736,0,0.17918039227056,0.0671294650627731,0,0.246309857333333,0,359.686366022564,3.07989501084904e-05,-660,660,-1.32,1.32,0,0,-0.00907353653680683,0,0.0091997
0.29,0,0,-0.346620287483117,0,0.182721406527916,0.0723792921387502,0,0.255100698666667,0,346.504305169918,2.70987804231737e-05,-660,660,-1.32,1.32,0,0,-0.00925986853638816,0,0.0107284
0.3,0,0,-0.331675230295702,0,0.18611326044971,0.0777782795502903,0,0.26389154,0,333.562164337374,2.38494283895108e-05,-660,660,-1.32,1.32,0,0,-0.00942402969215825,0,0.0107796
0.31,0,0,-0.317659952443653,0,0.189358432773241,0.0833204038193516,0,0.272678836592593,0,321.074505374767,2.08273880435428e-05,-660,660,-1.32,1.32,0,0,-0.00956753993254504,0,0.009128
0.32,0,0,-0.304220537041823,0,0.192466331633671,0.0889998015515138,0,0.281466133185185,0,309.0695498446,1.82285499921164e-05,-660,660,-1.32,1.32,0,0,-0.009692267738672,0,0.00874
0.33,0,0,-0.291334728908171,0,0.195442604379831,0.0948108253979464,0,0.290253429777778,0,297.521529004909,1.59733669864437e-05,-660,660,-1.32,1.32,0,0,-0.0098000019351428,0,0.0091596
0.34,0,0,-0.278981460458577,0,0.198292681746688,0.100748044623682,0,0.29904072637037,0,286.40458546672,1.39883777752203e-05,-660,660,-1.32,1.32,0,0,-0.00989234237611011,0,0.0087774
0.35,0,0,-0.266754559533112,0,0.201021789751943,0.10680623321102,0,0.307828022962963,0,275.525371030904,1.22533803068592e-05,-660,660,-1.32,1.32,0,0,-0.00997071601375573,0,0.0093185
0.36,0,0,-0.255415655387179,0,0.203630931032197,0.112980319338174,0,0.31661125037037,0,265.109940798022,1.05445560780737e-05,-660,660,-1.32,1.32,0,0,-0.010036021907181,0,0.0124781
0.37,0,0,-0.244557067689513,0,0.206129084857374,0.119265392920404,0,0.325394477777778,0,255.172646821476,9.11459930996728e-06,-660,660,-1.32,1.32,0,0,-0.0100895933852093,0,0.0098036
0.38,0,0,-0.234156750747139,0,0.208520944163527,0.125656761021659,0,0.334177705185185,0,245.669622712769,7.8956399693908e-06,-660,660,-1.32,1.32,0,0,-0.0101327059319927,0,0.0085326
0.39,0,0,-0.224194680943855,0,0.210810991540155,0.132149941052437,0,0.342960932592593,0,236.560767033137,6.82449591415946e-06,-660,660,-1.32,1.32,0,0,-0.010166455320929,0,0.0093215
0.4,0,0,-0.214215275785261,0,0.21300351858324,0.13874064141676,0,0.35174416,0,227.619299196638,5.89399852124473e-06,-660,660,-1.32,1.32,0,0,-0.0101917799530296,0,0.0099415
0.41,0,0,-0.205085628818663,0,0.215098115999717,0.145424700000283,0,0.360522816,0,219.097192869522,4.87374691893194e-06,-660,660,-1.32,1.32,0,0,-0.0102090607844464,0,0.010808
0.42,0,0,-0.196348996040831,0,0.217103382021816,0.152198089978184,0,0.369301472,0,211.007985309698,4.0618940477799e-06,-660,660,-1.32,1.32,0,0,-0.0102192152026578,0,0.0106448
0.43,0,0,-0.187985416903226,0,0.219023146988601,0.159056981011399,0,0.378080128,0,203.300648049451,3.39444342678519e-06,-660,660,-1.32,1.32,0,0,-0.0102231376909984,0,0.0130943
0.44,0,0,-0.179977283212872,0,0.22086105339544,0.16599773060456,0,0.386858784,0,195.929614902474,2.81129351442644e-06,-660,660,-1.32,1.32,0,0,-0.0102168286862947,0,0.0098694
0.45,0,0,-0.171822791025558,0,0.22262057815851,0.17301686184149,0,0.39563744,0,188.642818101682,2.3107894140395e-06,-660,660,-1.32,1.32,0,0,-0.0101909902849067,0,0.0086582
0.46,0,0,-0.164490644845032,0,0.22430004980807,0.180110994784523,0,0.404411044592593,0,181.721951269545,1.65215581837685e-06,-660,660,-1.32,1.32,0,0,-0.010145951339283,0,0.01038
0.47,0,0,-0.157477675019405,0,0.225907795881743,0.187276853303442,0,0.413184649185185,0,175.183893398382,1.17115719611149e-06,-660,660,-1.32,1.32,0,0,-0.0100845605067331,0,0.0096944
0.48,0,0,-0.150766230273836,0,0.227446919886561,0.194511333891216,0,0.421958253777778,0,168.974076860584,8.0303381544411e-07,-660,660,-1.32,1.32,0,0,-0.0100096497854723,0,0.008809
0.49,0,0,-0.144341174900908,0,0.228920361394669,0.201811496975702,0,0.43073185837037,0,163.044305370189,4.86679427424974e-07,-660,660,-1.32,1.32,0,0,-0.00992340596621307,0,0.0096062
0.5,0,0,-0.137656632067751,0,0.230330919730347,0.209174543232616,0,0.439505462962963,0,157.120465361513,2.21541883504983e-07,-660,660,-1.32,1.32,0,0,-0.00982747813865504,0,0.008531
0.51,0,0,-0.131778249662855,0,0.231675819073366,0.216597739297004,0,0.44827355837037,0,151.514027231373,-2.4481977156654e-07,-660,660,-1.32,1.32,0,0,-0.00972102392140753,0,0.0090308
0.52,0,0,-0.126158428818717,0,0.232963227403896,0.224078426373881,0,0.457041653777778,0,146.246232365258,-5.44078877950938e-07,-660,660,-1.32,1.32,0,0,-0.00960607526251648,0,0.0105441
0.53,0,0,-0.120781554656612,0,0.234195652262975,0.23161409692221,0,0.465809749185185,0,141.260041208006,-7.44102178984463e-07,-660,660,-1.32,1.32,0,0,-0.00948474832475039,0,0.0085799
0.54,0,0,-0.115634641846071,0,0.235375458190631,0.239202386401961,0,0.474577844592593,0,136.505410117097,-9.09022146444727e-07,-660,660,-1.32,1.32,0,0,-0.0093585457344099,0,0.0094096
0.55,0,0,-0.110129604666316,0,0.236504891408704,0.246841048591296,0,0.48334594,0,131.687736072577,-1.04073956030959e-06,-660,660,-1.32,1.32,0,0,-0.00922846633279822,0,0.0080721
0.56,0,0,-0.105424159955357,0,0.23758021451708,0.254527876149587,0,0.492108090666667,0,127.147094477899,-1.40323667885411e-06,-660,660,-1.32,1.32,0,0,-0.00909288332177301,0,0.0084182
0.57,0,0,-0.100928125853162,0,0.23860953023469,0.262260711098643,0,0.500870241333333,0,122.909074102528,-1.59906941199495e-06,-660,660,-1.32,1.32,0,0,-0.00895335354058875,0,0.0099134
0.58,0,0,-0.0966275485480933,0,0.239594862898375,0.270037529101625,0,0.509632392,0,118.914394234307,-1.70028400781064e-06,-660,660,-1.32,1.32,0,0,-0.00881158821446373,0,0.0085819
0.59,0,0,-0.0925112071005117,0,0.240538110971261,0.277856431695406,0,0.518394542666667,0,115.111288328655,-1.77494897535269e-06,-660,660,-1.32,1.32,0,0,-0.00866869116599426,0,0.0097793
0.6,0,0,-0.087950637384116,0,0.241441072639328,0.285715620694005,0,0.527156693333333,0,111.185683173127,-1.8276874040879e-06,-660,660,-1.32,1.32,0,0,-0.00852527238517532,0,0.0101788
0.61,0,0,-0.0841907420033857,0,0.242299172058991,0.293613313866935,0,0.535912485925926,0,107.504728150554,-2.13322995357146e-06,-660,660,-1.32,1.32,0,0,-0.00837916835783148,0,0.0085689
0.62,0,0,-0.0806006101531416,0,0.243120521345343,0.301547757173176,0,0.544668278518519,0,104.098039628006,-2.2676036888214e-06,-660,660,-1.32,1.32,0,0,-0.0082316737257772,0,0.0093636
0.63,0,0,-0.0771675956434633,0,0.243906754902544,0.309517316208567,0,0.553424071111111,0,100.90408691857,-2.30745533080778e-06,-660,660,-1.32,1.32,0,0,-0.00808428673946106,0,0.0092163
0.64,0,0,-0.0738818888764095,0,0.244659394855865,0.317520468847838,0,0.562179863703704,0,97.8693256275727,-2.32513013820324e-06,-660,660,-1.32,1.32,0,0,-0.00793788814804313,0,0.0091504
0.65,0,0,-0.070076519017538,0,0.245379877576602,0.325555778719694,0,0.570935656296296,0,94.6610902557148,-2.32877061101533e-06,-660,660,-1.32,1.32,0,0,-0.00779285973561435,0,0.0088634
0.66,0,0,-0.0670787389931548,0,0.246062893513466,0.333621806190237,0,0.579684699703704,0,91.6720007034017,-2.60278273778169e-06,-660,660,-1.32,1.32,0,0,-0.00764665651614274,0,0.0091552
0.67,0,0,-0.0642188141842517,0,0.246716620928583,0.341717122182528,0,0.588433743111111,0,88.9353203745558,-2.69880048797688e-06,-660,660,-1.32,1.32,0,0,-0.00750043948795439,0,0.0169472
0.68,0,0,-0.0614851064685109,0,0.247342380183301,0.349840406335217,0,0.597182786518519,0,86.3872188599779,-2.69816117359767e-06,-660,660,-1.32,1.32,0,0,-0.00735560889833591,0,0.0100146
0.69,0,0,-0.0588689203237298,0,0.247941389970798,0.357990439955128,0,0.605931829925926,0,83.9722974644973,-2.67754098892681e-06,-660,660,-1.32,1.32,0,0,-0.00721292796507626,0,0.0089511
0.7,0,0,-0.0556667066837235,0,0.248514794798393,0.36616607853494,0,0.614680873333333,0,81.3401647945865,-2.64907990832342e-06,-660,660,-1.32,1.32,0,0,-0.00707264702394038,0,0.0093624
0.71,0,0,-0.0532832906658739,0,0.24905664044286,0.374366158223807,0,0.623422798666667,0,78.9073229162021,-2.90569561123277e-06,-660,660,-1.32,1.32,0,0,-0.00693193673487063,0,0.0096964
0.72,0,0,-0.0510120755897568,0,0.249575212933897,0.382589511066103,0,0.632164724,0,76.7103169774635,-2.97651735259308e-06,-660,660,-1.32,1.32,0,0,-0.0067919003260604,0,0.0082871
0.73,0,0,-0.048842187767115,0,0.250071579912288,0.390835069421046,0,0.640906649333333,0,74.6829869551583,-2.94749429308183e-06,-660,660,-1.32,1.32,0,0,-0.00665390723867013,0,0.011022
0.74,0,0,-0.0467658034937427,0,0.250546715531909,0.399101859134758,0,0.649648574666667,0,72.7680287295951,-2.89954166099449e-06,-660,660,-1.32,1.32,0,0,-0.00651866539496977,0,0.0087432
0.75,0,0,-0.0440447777914701,0,0.251001528918089,0.407388971081911,0,0.6583905,0,70.5982185052707,-2.84908998615663e-06,-660,660,-1.32,1.32,0,0,-0.00638635121846646,0,0.0086049
0.76,0,0,-0.0421567824344703,0,0.251429497274912,0.415695463317681,0,0.667124960592593,0,68.6123886881395,-3.09640188156379e-06,-660,660,-1.32,1.32,0,0,-0.00625391261613238,0,0.0084102
0.77,0,0,-0.0403603713480776,0,0.25183904360123,0.424020377583955,0,0.675859421185185,0,66.850035204552,-3.14984696281329e-06,-660,660,-1.32,1.32,0,0,-0.00612243884160957,0,0.0085102
0.78,0,0,-0.038645240978782,0,0.252231032221791,0.432362849555987,0,0.684593881777778,0,65.2426731185986,-3.09982032753453e-06,-660,660,-1.32,1.32,0,0,-0.00599330673675164,0,0.0100153
0.79,0,0,-0.0370042449238355,0,0.252606240211621,0.440722102158749,0,0.69332834237037,0,63.7310769921168,-3.03130891232684e-06,-660,660,-1.32,1.32,0,0,-0.00586720497009367,0,0.0087454
0.8,0,0,-0.0346666707314573,0,0.252965386833008,0.449097416129955,0,0.702062802962963,0,61.932118420489,-2.96521261056171e-06,-660,660,-1.32,1.32,0,0,-0.00574426993254946,0,0.008398
0.81,0,0,-0.033178355837017,0,0.253301446306839,0.457488028063532,0,0.71078947437037,0,60.3054460128768,-3.20800600484006e-06,-660,660,-1.32,1.32,0,0,-0.00562126701265587,0,0.0082738
0.82,0,0,-0.0317650602412082,0,0.253622997729651,0.465893148048127,0,0.719516145777778,0,58.8932107193394,-3.2489568919658e-06,-660,660,-1.32,1.32,0,0,-0.00549929602659647,0,0.008742
0.83,0,0,-0.0304168974061968,0,0.253930741861553,0.474312075323633,0,0.728242817185185,0,57.624641522765,-3.18269381871517e-06,-660,660,-1.32,1.32,0,0,-0.00537976205362405,0,0.0083834
0.84,0,0,-0.0291272433219251,0,0.254225296909977,0.482744191682615,0,0.736969488592592,0,56.4386093392967,-3.09806830678383e-06,-660,660,-1.32,1.32,0,0,-0.00526335488404632,0,0.0102936
0.85,0,0,-0.0270948845625322,0,0.254507228932269,0.491188931067731,0,0.74569616,0,54.9370412249117,-3.02055236289789e-06,-660,660,-1.32,1.32,0,0,-0.00515019063171316,0,0.0092359
0.86,0,0,-0.0259291798028642,0,0.254769066267938,0.499645673732062,0,0.75441474,0,53.5989205688237,-3.26174886744468e-06,-660,660,-1.32,1.32,0,0,-0.0050368796665201,0,0.009081
0.87,0,0,-0.0248251856549541,0,0.255019555110268,0.508113764889732,0,0.76313332,0,52.4687885800375,-3.29342304361546e-06,-660,660,-1.32,1.32,0,0,-0.00492454543750856,0,0.0099077
0.88,0,0,-0.0237733131158651,0,0.255259264620175,0.516592635379825,0,0.7718519,0,51.4736567893996,-3.21419902604703e-06,-660,660,-1.32,1.32,0,0,-0.00481463176893429,0,0.010272
0.89,0,0,-0.0227673379245453,0,0.255488684892321,0.525081795107679,0,0.78057048,0,50.5505388509481,-3.11656484619505e-06,-660,660,-1.32,1.32,0,0,-0.00470784064444699,0,0.009982
0.9,0,0,-0.0209776431224857,0,0.255708258296809,0.533580801703191,0,0.78928906,0,49.287404866889,-3.0306125058388e-06,-660,660,-1.32,1.32,0,0,-0.00460427927689787,0,0.0084713
0.91,0,0,-0.0200724938760045,0,0.255910117556274,0.542089151036319,0,0.797999268592593,0,48.1811188347637,-3.27204305072826e-06,-660,660,-1.32,1.32,0,0,-0.00450042297020751,0,0.0097509
0.92,0,0,-0.0192183623621308,0,0.25610318041294,0.550606296772245,0,0.806709477185185,0,47.2783732395618,-3.29667620313501e-06,-660,660,-1.32,1.32,0,0,-0.0043974250869906,0,0.0087915
0.93,0,0,-0.0184058648614199,0,0.256287910125353,0.559131775652425,0,0.815419685777778,0,46.5040554739534,-3.20687975019496e-06,-660,660,-1.32,1.32,0,0,-0.00429677259326916,0,0.0082764
0.94,0,0,-0.0176290803097375,0,0.256464693428205,0.567665200942166,0,0.82412989437037,0,45.7933921106159,-3.09853824020934e-06,-660,660,-1.32,1.32,0,0,-0.00419918523765625,0,0.0096672
0.95,0,0,-0.0160321106520452,0,0.256633872775469,0.576206230187493,0,0.832840102962963,0,44.721406597644,-3.00636954619904e-06,-660,660,-1.32,1.32,0,0,-0.0041047677593974,0,0.009697
0.96,0,0,-0.0153375367457765,0,0.256787230035526,0.584754452334845,0,0.84154168237037,0,43.801411491353,-3.24919604999252e-06,-660,660,-1.32,1.32,0,0,-0.00400987589597754,0,0.0103017
0.97,0,0,-0.0146853882144852,0,0.256933853684237,0.593309408093541,0,0.850243261777778,0,43.0820326101965,-3.26841627540375e-06,-660,660,-1.32,1.32,0,0,-0.00391569520043303,0,0.0107782
0.98,0,0,-0.014066416328781,0,0.257074121731522,0.601870719453663,0,0.858944841185185,0,42.4861466805449,-3.16988121795703e-06,-660,660,-1.32,1.32,0,0,-0.00382375657644563,0,0.0096609
0.99,0,0,-0.0134749276980766,0,0.25720833747677,0.610438083115822,0,0.867646420592592,0,41.9472826919517,-3.05262545197138e-06,-660,660,-1.32,1.32,0,0,-0.00373479987112719,0,0.0091137
1,0,0,-0.0120308857451068,0,0.25733676260663,0.61901123739337,0,0.876348,0,41.0285462294704,-2.9559639003196e-06,-660,660,-1.32,1.32,0,0,-0.0036489308660405,0,0.0103177
1.01,0,0,-0.0115066155037484,0,0.257450868472663,0.627589846194004,0,0.885040714666667,0,40.2582842111586,-3.20091493577479e-06,-660,660,-1.32,1.32,0,0,-0.00356239861425133,0,0.009243
1.02,0,0,-0.0110178643882409,0,0.257559909232622,0.636173520100711,0,0.893733429333333,0,39.686854884494,-3.21595289953791e-06,-660,660,-1.32,1.32,0,0,-0.00347642078417506,0,0.0095753
1.03,0,0,-0.0105554660429557,0,0.257664194245805,0.644761949754195,0,0.902426144,0,39.2352540758437,-3.11014626142025e-06,-660,660,-1.32,1.32,0,0,-0.00339257089973353,0,0.0095977
1.04,0,0,-0.0101138961534033,0,0.257763959418229,0.653354899248437,0,0.911118858666667,0,38.8354183128102,-2.98542918564237e-06,-660,660,-1.32,1.32,0,0,-0.00331160934127933,0,0.0105363
1.05,0,0,-0.00879113840003187,0,0.257859401100956,0.661952172232378,0,0.919811573333333,0,38.0395790664478,-2.88565519124262e-06,-660,660,-1.32,1.32,0,0,-0.00323364474302388,0,0.0087112
1.06,0,0,-0.00840470599445875,0,0.2579417169077,0.670553493018226,0,0.928495209925926,0,37.3897177577018,-3.13316199562763e-06,-660,660,-1.32,1.32,0,0,-0.00315483082395075,0,0.0098827
1.07,0,0,-0.00804823934064458,0,0.258020318219751,0.679158528298767,0,0.937178846518518,0,36.9377379044889,-3.14497317877027e-06,-660,660,-1.32,1.32,0,0,-0.0030764159175052,0,0.0097068
1.08,0,0,-0.00771261606154172,0,0.258095459082557,0.687767024028554,0,0.945862483111111,0,36.6028973574283,-3.033105264727e-06,-660,660,-1.32,1.32,0,0,-0.00300001361605786,0,0.009262
1.09,0,0,-0.00739243593575312,0,0.258167320928648,0.696378798775055,0,0.954546119703704,0,36.3156578738707,-2.90213911657844e-06,-660,660,-1.32,1.32,0,0,-0.00292640416035416,0,0.0083139
1.1,0,0,-0.00616587471621965,0,0.258236047216427,0.704993709079869,0,0.963229756296296,0,35.6184325809589,-2.80038212263634e-06,-660,660,-1.32,1.32,0,0,-0.0028556998537893,0,0.0089415
1.11,0,0,-0.00589109027413681,0,0.258292595739511,0.713611527964193,0,0.971904123703704,0,35.0654491495806,-3.05066065386939e-06,-660,660,-1.32,1.32,0,0,-0.00278396954013108,0,0.0084744
1.12,0,0,-0.00564180314760598,0,0.258346523905267,0.722231967205844,0,0.980578491111111,0,34.7099802398587,-3.05999970784399e-06,-660,660,-1.32,1.32,0,0,-0.00271248996867638,0,0.0091538
1.13,0,0,-0.00540890797976701,0,0.258398041159883,0.730854817358636,0,0.989252858518519,0,34.4696992128155,-2.94309180670638e-06,-660,660,-1.32,1.32,0,0,-0.00264291153232748,0,0.0097677
1.14,0,0,-0.00518709460909117,0,0.258447284872029,0.739479941053897,0,0.997927225925926,0,34.2737208916805,-2.80690987519705e-06,-660,660,-1.32,1.32,0,0,-0.00257603301766685,0,0.0089658
1.15,0,0,-0.00403691315780519,0,0.258494355647286,0.748107237686048,0,1.00660159333333,0,33.6557055434677,-2.70410650760056e-06,-660,660,-1.32,1.32,0,0,-0.00251197063930213,0,0.0103409
1.16,0,0,-0.0038526326725985,0,0.2585300030764,0.756736519590267,0,1.01526652266667,0,33.180748095503,-2.95720959186951e-06,-660,660,-1.32,1.32,0,0,-0.0024467183106701,0,0.0092023
1.17,0,0,-0.00369025057722328,0,0.258563917193055,0.765367534806945,0,1.023931452,0,32.903323124512,-2.96467811367052e-06,-660,660,-1.32,1.32,0,0,-0.00238157848757046,0,0.0095054
1.18,0,0,-0.00354066077319337,0,0.258596271450472,0.774000109882861,0,1.03259638133333,0,32.7396815107203,-2.84360643743042e-06,-660,660,-1.32,1.32,0,0,-0.00231823468417594,0,0.0093323
1.19,0,0,-0.00339861792920915,0,0.258627167544802,0.782634143121864,0,1.04126131066667,0,32.6177271151681,-2.70310367511684e-06,-660,660,-1.32,1.32,0,0,-0.00225750255091503,0,0.0144488
1.2,0,0,-0.0023092372619925,0,0.258656671336505,0.791269568663495,0,1.04992624,0,32.06344061892,-2.60003679564136e-06,-660,660,-1.32,1.32,0,0,-0.0021995021274481,0,0.0101635
1.21,0,0,-0.00219837357879371,0,0.258675353981049,0.799906230611544,0,1.05858158459259,0,31.6514126957626,-2.85588925130753e-06,-660,660,-1.32,1.32,0,0,-0.00214016204894522,0,0.0087748
1.22,0,0,-0.00210650566456738,0,0.258693022967991,0.808543906217194,0,1.06723692918519,0,31.4371597655116,-2.86196837340214e-06,-660,660,-1.32,1.32,0,0,-0.00208080750731424,0,0.0102135
1.23,0,0,-0.00202451631162415,0,0.258709822668798,0.817182451108979,0,1.07589227377778,0,31.3356790685792,-2.73749438051141e-06,-660,660,-1.32,1.32,0,0,-0.00202315122623324,0,0.0087696
1.24,0,0,-0.00194720686843264,0,0.25872582587572,0.825821792494651,0,1.08454761837037,0,31.2738060398259,-2.59345571240743e-06,-660,660,-1.32,1.32,0,0,-0.00196802383101173,0,0.0120526
1.25,0,0,-0.000906455147895002,0,0.258741070258362,0.834461892704601,0,1.09320296296296,0,30.7709213154739,-2.49078216008058e-06,-660,660,-1.32,1.32,0,0,-0.00191554891635807,0,0.0101404
1.26,0,0,-0.000855182790344799,0,0.258745976817381,0.843102621552989,0,1.10184859837037,0,30.409745816083,-2.7492058669587e-06,-660,660,-1.32,1.32,0,0,-0.00186159932808519,0,0.0112775
1.27,0,0,-0.000820560627762701,0,0.258750453904138,0.85174377987364,0,1.11049423377778,0,30.2466834678779,-2.75427973095432e-06,-660,660,-1.32,1.32,0,0,-0.00180751987912036,0,0.0120106
1.28,0,0,-0.000793455921400454,0,0.258754622356703,0.860385246828482,0,1.11913986918519,0,30.195652233844,-2.62707221265757e-06,-660,660,-1.32,1.32,0,0,-0.00175504846270269,0,0.0088324
1.29,0,0,-0.000768704240134865,0,0.258758531527378,0.869026973065215,0,1.12778550459259,0,30.1825669062381,-2.48019338933148e-06,-660,660,-1.32,1.32,0,0,-0.00170502867698021,0,0.0091842
1.3,0,0,0.000232851056165773,0,0.258762196200214,0.877668943799786,0,1.13643114,0,29.7212926757055,-2.37846476514036e-06,-660,660,-1.32,1.32,0,0,-0.001657587301827,0,0.0112947
1.31,0,0,0.000235735205744603,0,0.258755914305883,0.886311049694117,0,1.145066964,0,29.4013200304543,-2.63919753829001e-06,-660,660,-1.32,1.32,0,0,-0.00160855079494425,0,0.0086669
1.32,0,0,0.000223869650274877,0,0.258749677318881,0.894953110681119,0,1.153702788,0,29.2797906994527,-2.64357107182533e-06,-660,660,-1.32,1.32,0,0,-0.00155928039809347,0,0.0089405
1.33,0,0,0.000206402301578645,0,0.258743586996514,0.903595025003486,0,1.162338612,0,29.2697221347479,-2.51422303820803e-06,-660,660,-1.32,1.32,0,0,-0.00151153506675397,0,0.0083774
1.34,0,0,0.00018847125299104,0,0.258737673666143,0.912236762333857,0,1.170974436,0,29.2962605336287,-2.36512667939337e-06,-660,660,-1.32,1.32,0,0,-0.00146616931094288,0,0.0075167
1.35,0,0,0.00115806026679988,0,0.258731933527402,0.920878326472598,0,1.17961026,0,28.8688442779675,-2.2648056154928e-06,-660,660,-1.32,1.32,0,0,-0.00142331267487763,0,0.007472
1.36,0,0,0.00112165097761185,0,0.258716567564513,0.92951962502808,0,1.18823619259259,0,28.5823766304092,-2.52751590057443e-06,-660,660,-1.32,1.32,0,0,-0.0013787545852643,0,0.0082621
1.37,0,0,0.00107203740678252,0,0.258701631716192,0.938160493468993,0,1.19686212518519,0,28.4945911338581,-2.5314288043532e-06,-660,660,-1.32,1.32,0,0,-0.00133386948249772,0,0.0082096
1.38,0,0,0.00101837843788721,0,0.258687212230652,0.946800845547125,0,1.20548805777778,0,28.5177870626939,-2.40047080390937e-06,-660,660,-1.32,1.32,0,0,-0.00129043324445738,0,0.0079897
1.39,0,0,0.00096579003024766,0,0.258673323981973,0.955440666388397,0,1.21411399037037,0,28.5764974545599,-2.24971916118477e-06,-660,660,-1.32,1.32,0,0,-0.00124930920456205,0,0.0073422
1.4,0,0,0.0019088722148205,0,0.258659948079169,0.964079974883794,0,1.22273992296296,0,28.1768257926013,-2.15119244506567e-06,-660,660,-1.32,1.32,0,0,-0.00121062922729265,0,0.0071684
1.41,0,0,0.00184056916872322,0,0.258637213910677,0.972718692459693,0,1.23135590637037,0,27.91773443915,-2.41549116619666e-06,-660,660,-1.32,1.32,0,0,-0.00117015504632387,0,0.0072764
1.42,0,0,0.00176032457121378,0,0.258615222480645,0.981356667297133,0,1.23997188977778,0,27.8574057521909,-2.41912918763632e-06,-660,660,-1.32,1.32,0,0,-0.00112927105471032,0,0.0079066
1.43,0,0,0.00167730098637919,0,0.258594047391581,0.989993825793604,0,1.24858787318518,0,27.9076060202932,-2.28704010396541e-06,-660,660,-1.32,1.32,0,0,-0.00108976590023827,0,0.0072033
1.44,0,0,0.00159659348521335,0,0.258573690957901,0.998630165634692,0,1.25720385659259,0,27.9924132974846,-2.13514545555071e-06,-660,660,-1.32,1.32,0,0,-0.00105250964136484,0,0.0076036
1.45,0,0,0.00251720468216465,0,0.258554122042698,1.0072657179573,0,1.26581984,0,27.6122841552859,-3.99315699128877e-06,-660,660,-1.32,1.32,0,0,-0.00101763601134204,0,0.0078413
1.46,0,0,0.00242288770228993,0,0.258525423953062,1.0159004147136,0,1.27442583866667,0,27.3765291097951,-2.98914089702507e-06,-660,660,-1.32,1.32,0,0,-0.000980858290585733,0,0.0077035
1.47,0,0,0.00231770552757016,0,0.25849772335942,1.02453411397391,0,1.28303183733333,0,27.3403157867868,-2.75964363050107e-06,-660,660,-1.32,1.32,0,0,-0.000943607306653924,0,0.0115414
1.48,0,0,0.00221085660743192,0,0.258471082921286,1.03316675307871,0,1.291637836,0,27.4135147344931,-2.47074732007135e-06,-660,660,-1.32,1.32,0,0,-0.000907687582718027,0,0.0085939
1.49,0,0,0.00210738451033599,0,0.258445494088169,1.0417983405785,0,1.30024383466667,0,27.5197954130271,-2.21418809998042e-06,-660,660,-1.32,1.32,0,0,-0.000873966820420307,0,0.0077719
1.5,0,0,0.00300844373696096,0,0.258420915467452,1.05042891786588,0,1.30884983333333,0,27.1526498027523,-5.8180675126529e-06,-660,660,-1.32,1.32,0,0,-0.000842572745106678,0,0.0086676
1.51,0,0,0.00289295158988689,0,0.258387409085756,1.05905842484017,0,1.31744583392593,0,26.9368002283298,-3.59681819483981e-06,-660,660,-1.32,1.32,0,0,-0.000809151353188781,0,0.0074151
1.52,0,0,0.00276751233590322,0,0.258355107361266,1.06768672715725,0,1.32604183451852,0,26.921884395313,-3.11547250841926e-06,-660,660,-1.32,1.32,0,0,-0.000775207329576999,0,0.0074078
1.53,0,0,0.00264138856911644,0,0.258324063451894,1.07631377165922,0,1.33463783511111,0,27.0147566779195,-2.65765333473666e-06,-660,660,-1.32,1.32,0,0,-0.000742564188046256,0,0.0081905
1.54,0,0,0.00251954896600415,0,0.258294259359284,1.08493957634442,0,1.3432338357037,0,27.1386931403684,-2.28908506905157e-06,-660,660,-1.32,1.32,0,0,-0.000712080319153075,0,0.0082486
1.55,0,0,0.00340305500295879,0,0.258265645082536,1.09356419121376,0,1.3518298362963,0,26.7850564773106,-5.20491104527565e-06,-660,660,-1.32,1.32,0,0,-0.000683871229778686,0,0.0086919
1.56,0,0,0.00327063280765172,0,0.258228284349874,1.10218756335383,0,1.3604158477037,0,26.5848843201674,-3.33874794389288e-06,-660,660,-1.32,1.32,0,0,-0.00065355267594704,0,0.0069446
1.57,0,0,0.00312898659034055,0,0.258192293959461,1.11080956515165,0,1.36900185911111,0,26.5862262235167,-2.89329282399109e-06,-660,660,-1.32,1.32,0,0,-0.000622657064712999,0,0.0075171
1.58,0,0,0.00298740567802291,0,0.258157719704694,1.11943015081382,0,1.37758787051852,0,26.6943607536522,-2.45951490907004e-06,-660,660,-1.32,1.32,0,0,-0.00059301925464609,0,0.0083083
1.59,0,0,0.00285081284024236,0,0.258124536318577,1.12804934560735,0,1.38617388192593,0,26.83227337712,-2.10796122934731e-06,-660,660,-1.32,1.32,0,0,-0.000565494026095793,0,0.0083279
1.6,0,0,0.00371798802987311,0,0.258092687057607,1.13666720627573,0,1.39475989333333,0,26.4906508115963,-4.51249732558168e-06,-660,660,-1.32,1.32,0,0,-0.000540190853964805,0,0.0071874
1.61,0,0,0.00357201135878393,0,0.258052260767327,1.14528368589934,0,1.40333594666667,0,26.3037381693865,-2.9982987399535e-06,-660,660,-1.32,1.32,0,0,-0.00051271382503353,0,0.0069272
1.62,0,0,0.0034174222106218,0,0.258013337306318,1.15389866269368,0,1.411912,0,26.3183530528476,-2.61803902268376e-06,-660,660,-1.32,1.32,0,0,-0.000484612779601964,0,0.0077401
1.63,0,0,0.00326351051801066,0,0.257975956349497,1.16251209698384,0,1.42048805333333,0,26.4387159480392,-2.22832381435722e-06,-660,660,-1.32,1.32,0,0,-0.000457727631164136,0,0.0075415
1.64,0,0,0.00311515088240499,0,0.257940086749205,1.17112401991746,0,1.42906410666667,0,26.5877456361339,-1.90725930737656e-06,-660,660,-1.32,1.32,0,0,-0.000432908360419548,0,0.0077223
1.65,0,0,0.00396662757142685,0,0.257905666378321,1.17973449362168,0,1.43764016,0,26.2570274564349,-3.88879846990875e-06,-660,660,-1.32,1.32,0,0,-0.000410259320790625,0,0.0075181
1.66,0,0,0.0038098997694207,0,0.257862832337384,1.18834347625521,0,1.44620630859259,0,26.0814649927341,-2.67927146646585e-06,-660,660,-1.32,1.32,0,0,-0.000385387706449294,0,0.0068143
1.67,0,0,0.00364508295252186,0,0.257821606019704,1.19695085116548,0,1.45477245718518,0,26.1069086203496,-2.35960539329838e-06,-660,660,-1.32,1.32,0,0,-0.000359851932355826,0,0.0085683
1.68,0,0,0.00348144300413178,0,0.257782021985827,1.20555658379195,0,1.46333860577778,0,26.2369821802857,-2.0112072305345e-06,-660,660,-1.32,1.32,0,0,-0.000335491178192251,0,0.0081177
1.69,0,0,0.00332380297394674,0,0.257744044351721,1.21416071001865,0,1.47190475437037,0,26.394746937105,-1.71883121358185e-06,-660,660,-1.32,1.32,0,0,-0.000313149392586732,0,0.0083865
1.7,0,0,0.00415973548048654,0,0.257707606736566,1.2227632962264,0,1.48047090296296,0,26.0741482505254,-3.34453483885611e-06,-660,660,-1.32,1.32,0,0,-0.000292926541070699,0,0.0099444
1.71,0,0,0.0039945968486651,0,0.257662917448632,1.23136430492174,0,1.48902722237037,0,25.9084700968959,-2.39280930025565e-06,-660,660,-1.32,1.32,0,0,-0.000270446531893463,0,0.0101549
1.72,0,0,0.00382182503515216,0,0.25761991771308,1.2399636240647,0,1.49758354177778,0,25.942754090196,-2.12555814504967e-06,-660,660,-1.32,1.32,0,0,-0.000247268803397926,0,0.0076386
1.73,0,0,0.00365063778989205,0,0.257578637772788,1.2485612234124,0,1.50613986118519,0,26.080442923252,-1.81332276882884e-06,-660,660,-1.32,1.32,0,0,-0.000225226272111484,0,0.0085704
1.74,0,0,0.00348580168015311,0,0.257539037949142,1.25715714264345,0,1.51469618059259,0,26.2449448452243,-1.54622966430651e-06,-660,660,-1.32,1.32,0,0,-0.000205155449741219,0,0.0084379
1.75,0,0,0.00430595994938132,0,0.257501048551581,1.26575145144842,0,1.5232525,0,25.9339518773048,-2.87249987085403e-06,-660,660,-1.32,1.32,0,0,-0.000187152441888096,0,0.0080775
1.76,0,0,0.00413437892300428,0,0.257454971897725,1.27434411610227,0,1.531799088,0,25.7770455270219,-2.1374584373568e-06,-660,660,-1.32,1.32,0,0,-0.000166870622162592,0,0.0079676
1.77,0,0,0.00395556921711149,0,0.257410647197676,1.28293502880232,0,1.540345676,0,25.8185438988875,-1.91494015200355e-06,-660,660,-1.32,1.32,0,0,-0.00014586383101629,0,0.00746
1.78,0,0,0.00377867677979216,0,0.257368101008304,1.2915241629917,0,1.548892264,0,25.9620896822452,-1.63403772401871e-06,-660,660,-1.32,1.32,0,0,-0.00012595339742528,0,0.0092338
1.79,0,0,0.00360840559752251,0,0.257327290636894,1.30011156136311,0,1.557438852,0,26.131638684208,-1.38904749236168e-06,-660,660,-1.32,1.32,0,0,-0.000107966872160119,0,0.0078356
1.8,0,0,0.00441225046397498,0,0.257288143878387,1.30869729612161,0,1.56598544,0,25.8299621121404,-2.46396260628057e-06,-660,660,-1.32,1.32,0,0,-9.19968799166057e-05,0,0.0079395
1.81,0,0,0.00423589672176949,0,0.257241079738613,1.31728133685398,0,1.57452241659259,0,25.6809977166266,-1.91023492612796e-06,-660,660,-1.32,1.32,0,0,-7.37383912383282e-05,0,0.0082585
1.82,0,0,0.00405268050816854,0,0.257195813448755,1.32586357973643,0,1.58305939318519,0,25.7283738652621,-1.72571903223062e-06,-660,660,-1.32,1.32,0,0,-5.47337020395642e-05,0,0.0085608
1.83,0,0,0.00387165261078803,0,0.257152368379408,1.33444400139837,0,1.59159636977778,0,25.8762880374123,-1.4719498117044e-06,-660,660,-1.32,1.32,0,0,-3.67873920401145e-05,0,0.0079895
1.84,0,0,0.00369744743201827,0,0.257110699475303,1.34302264689507,0,1.60013334637037,0,26.0494409535457,-1.24631041209522e-06,-660,660,-1.32,1.32,0,0,-2.07164405406983e-05,0,0.0092602
1.85,0,0,0.00448419118781396,0,0.257070732692965,1.35159959027,0,1.60867032296296,0,25.7569756426527,-2.11086760948387e-06,-660,660,-1.32,1.32,0,0,-6.61025866544215e-06,0,0.0080745
1.86,0,0,0.00430449436269431,0,0.257023026305875,1.36017480406449,0,1.61719783037037,0,25.6153495786856,-1.70816601741119e-06,-660,660,-1.32,1.32,0,0,9.78291335296082e-06,0,0.0081599
1.87,0,0,0.00411827341441373,0,0.256977149507783,1.36874818826999,0,1.62572533777778,0,25.6674985224525,-1.55583459571229e-06,-660,660,-1.32,1.32,0,0,2.69377719791518e-05,0,0.0096923
1.88,0,0,0.003934460859922,0,0.256933122877156,1.37731972230803,0,1.63425284518518,0,25.8185087957098,-1.32560332455345e-06,-660,660,-1.32,1.32,0,0,4.3071515854709e-05,0,0.009518
1.89,0,0,0.00375761380655193,0,0.256890899544426,1.38588945304817,0,1.64278035259259,0,25.9940206553,-1.11697171412128e-06,-660,660,-1.32,1.32,0,0,5.73794116314922e-05,0,0.0099405
1.9,0,0,0.00452626893098096,0,0.256850404208215,1.39445745579179,0,1.65130786,0,25.7108114648289,-1.80606504140979e-06,-660,660,-1.32,1.32,0,0,6.97750803072111e-05,0,0.0102139
1.91,0,0,0.0043444657622026,0,0.256802356908784,1.40302370575788,0,1.65982606266667,0,25.5761012749425,-1.52850400947369e-06,-660,660,-1.32,1.32,0,0,8.44456872366233e-05,0,0.0090928
1.92,0,0,0.00415645731452863,0,0.256756158667559,1.41158810666577,0,1.66834426533333,0,25.6321038450259,-1.4033511993583e-06,-660,660,-1.32,1.32,0,0,9.98879917347341e-05,0,0.0099674
1.93,0,0,0.0039710349380585,0,0.256711827580402,1.4201506404196,0,1.676862468,0,25.7851116210367,-1.19360042682981e-06,-660,660,-1.32,1.32,0,0,0.000114345889142167,0,0.0097822
1.94,0,0,0.00379267017503171,0,0.2566693154288,1.42871135523787,0,1.68538067066667,0,25.9618966418928,-9.99996764394773e-07,-660,660,-1.32,1.32,0,0,0.000127028614937535,0,0.0105488
1.95,0,0,0.00454208853265126,0,0.256628546157207,1.43727032717613,0,1.69389887333333,0,25.688109865543,-1.54326271528671e-06,-660,660,-1.32,1.32,0,0,0.000137852708616172,0,0.0090475
1.96,0,0,0.00435926074644699,0,0.256580424007086,1.44582753391884,0,1.70240795792593,0,25.5600382349365,-1.36874718748015e-06,-660,660,-1.32,1.32,0,0,0.000150929686525884,0,0.0086068
1.97,0,0,0.00417053371608556,0,0.256534159631164,1.45438288288735,0,1.71091704251852,0,25.619124609875,-1.26647840670291e-06,-660,660,-1.32,1.32,0,0,0.000164783149719517,0,0.0086806
1.98,0,0,0.0039845349222889,0,0.256489768884309,1.4629363582268,0,1.71942612711111,0,25.7731709630606,-1.07462180098938e-06,-660,660,-1.32,1.32,0,0,0.00017768851428116,0,0.0091023
1.99,0,0,0.00380564162603059,0,0.256447202597759,1.47148800910594,0,1.7279352117037,0,25.950271263151,-8.94384173721896e-07,-660,660,-1.32,1.32,0,0,0.000188870744935915,0,0.0096823
2,0,0,0.00453454599200365,0,0.256406384403844,1.48003791189245,0,1.7364442962963,0,25.6861709122458,-1.31694025073958e-06,-660,660,-1.32,1.32,0,0,0.000198249240945663,0,0.0091462
