method_id,seed,raw_prediction_file,loss_total,acc_main,acc_turn,acc_turn_pure,acc_turn_transition,false_turn_straight,flat_recall,stall_recall,slope_recall,flat_as_stall_ratio,stall_as_flat_ratio,turn_right_recall,turn_straight_recall,turn_left_recall,n_turn_transition,n_turn_pure,main_confidence_mean,main_confidence_error_mean,main_low_conf_0p60_ratio,main_low_conf_0p70_ratio,turn_confidence_mean,turn_confidence_error_mean,turn_low_conf_0p60_ratio,turn_low_conf_0p70_ratio,theta_mae_rad,theta_mae_deg,uphill_recall,downhill_recall,slope_sign_acc,theta_flat_mae_deg,theta_flat_abs_p95_deg,theta_flat_abs_max_deg,theta_flat_bias_deg,theta_flat_n,theta_near_flat_mae_deg,theta_near_flat_abs_p95_deg,theta_near_flat_abs_max_deg,theta_near_flat_bias_deg,theta_near_flat_n,theta_true_zero_mae_deg,theta_true_zero_abs_p95_deg,theta_true_zero_abs_max_deg,theta_true_zero_bias_deg,theta_true_zero_n,theta_flat_turn_mae_deg,theta_flat_turn_abs_p95_deg,theta_flat_turn_abs_max_deg,theta_flat_turn_bias_deg,theta_flat_turn_n,theta_slope_control_mae_deg,theta_slope_control_abs_p95_deg,theta_slope_control_abs_max_deg,theta_slope_control_bias_deg,theta_slope_control_n,theta_all_mae_deg,theta_all_rmse_deg,theta_all_p95_abs_err_deg,theta_all_max_abs_err_deg,theta_all_bias_deg,theta_all_n,theta_active_abs_ge_2_mae_deg,theta_active_abs_ge_2_rmse_deg,theta_active_abs_ge_2_p95_abs_err_deg,theta_active_abs_ge_2_max_abs_err_deg,theta_active_abs_ge_2_bias_deg,theta_active_abs_ge_2_n,theta_abs_le_8_mae_deg,theta_abs_le_8_rmse_deg,theta_abs_le_8_p95_abs_err_deg,theta_abs_le_8_max_abs_err_deg,theta_abs_le_8_bias_deg,theta_abs_le_8_n,theta_abs_le_10_mae_deg,theta_abs_le_10_rmse_deg,theta_abs_le_10_p95_abs_err_deg,theta_abs_le_10_max_abs_err_deg,theta_abs_le_10_bias_deg,theta_abs_le_10_n,theta_pos_8_10_mae_deg,theta_pos_8_10_rmse_deg,theta_pos_8_10_p95_abs_err_deg,theta_pos_8_10_max_abs_err_deg,theta_pos_8_10_bias_deg,theta_pos_8_10_n,theta_neg_10_8_mae_deg,theta_neg_10_8_rmse_deg,theta_neg_10_8_p95_abs_err_deg,theta_neg_10_8_max_abs_err_deg,theta_neg_10_8_bias_deg,theta_neg_10_8_n,theta_pos_6_8_mae_deg,theta_pos_6_8_rmse_deg,theta_pos_6_8_p95_abs_err_deg,theta_pos_6_8_max_abs_err_deg,theta_pos_6_8_bias_deg,theta_pos_6_8_n,theta_neg_8_6_mae_deg,theta_neg_8_6_rmse_deg,theta_neg_8_6_p95_abs_err_deg,theta_neg_8_6_max_abs_err_deg,theta_neg_8_6_bias_deg,theta_neg_8_6_n,theta_neg_4_2_mae_deg,theta_neg_4_2_rmse_deg,theta_neg_4_2_p95_abs_err_deg,theta_neg_4_2_max_abs_err_deg,theta_neg_4_2_bias_deg,theta_neg_4_2_n,theta_neg_2_0p5_mae_deg,theta_neg_2_0p5_rmse_deg,theta_neg_2_0p5_p95_abs_err_deg,theta_neg_2_0p5_max_abs_err_deg,theta_neg_2_0p5_bias_deg,theta_neg_2_0p5_n,theta_pos_0p5_2_mae_deg,theta_pos_0p5_2_rmse_deg,theta_pos_0p5_2_p95_abs_err_deg,theta_pos_0p5_2_max_abs_err_deg,theta_pos_0p5_2_bias_deg,theta_pos_0p5_2_n,theta_edge_p95_abs_err
modern_tcn_delta_bank_124,1,E:\Matlab\Simulink\S-Function_16\results\modern_tcn_metric_rebuild\39_paper_final_frozen_benchmark\01_A1_algorithm_comparison\03_offline\raw\modern_tcn_delta_bank_124_seed1_predictions.csv,nan,0.9630760688506386,0.5627429205996669,0.5735243944046401,0.5156482861400894,0.47077082255561303,0.9404761904761905,0.65625,0.98,0.0,0.11458333333333333,0.6808510638297872,0.5292291774443869,0.5287356321839081,671,2931,0.9856113185587325,0.8772136017900415,0.004441976679622432,0.016102165463631316,0.8149809217042395,0.7593587388961712,0.1796224319822321,0.2895613548028873,0.009843837682392047,0.564010353412906,0.7591743119266054,0.8036322360953462,0.9694808899030234,0.5507527276639552,2.328775302352356,6.056317637992905,-0.06335530991584619,756.0,0.5626367774555332,1.6427679001127642,3.0035690707673486,-0.1419196855705445,278.0,nan,nan,nan,nan,0.0,0.5251672802201297,1.7318881657144092,2.3471003797303824,-0.24654365951279797,141.0,0.564010353412906,9.547641829891678,13.438010432538336,0.01011993465596282,3506.0,0.5640103534129061,0.8290703490614771,1.7197415280491877,6.140841015528402,0.01011993465596282,3506.0,0.5676549952551629,0.8494500234528953,1.7721860043410465,6.140841015528402,0.030318947345521947,2750.0,0.5499375871180142,0.80514222654793,1.6582975891708318,6.140841015528402,-0.002906010263363078,2815.0,0.5640103534129061,0.8290703490614771,1.7197415280491877,6.140841015528402,0.01011993465596282,3506.0,0.7503364441288326,1.1074081977996184,2.501483209573202,4.938010765186717,-0.07060311362111386,328.0,0.5047813709481573,0.7096290074961106,1.3012507576493102,4.621417409891463,0.18407363929173018,363.0,0.5880601950814001,0.8538971098647256,1.7503619918059539,4.7054022696995865,-0.005468704795456873,378.0,0.4072708704865536,0.6207196554856528,1.3375227974017796,3.2017011192017826,0.0749171653766357,378.0,0.6765869401490403,0.9172594836553336,1.7879730047678408,4.161521616528317,-0.11229186540480769,330.0,0.502137808989783,0.657180162512597,1.4111917343578253,2.475580506886554,0.028580606416801022,207.0,0.5756956144665197,0.797441400819957,1.4770620520330051,4.456317650387092,-0.052985709358103955,271.0,2.501483209573202
modern_tcn_delta_bank_124,7,E:\Matlab\Simulink\S-Function_16\results\modern_tcn_metric_rebuild\39_paper_final_frozen_benchmark\01_A1_algorithm_comparison\03_offline\raw\modern_tcn_delta_bank_124_seed7_predictions.csv,nan,0.9669627984453082,0.6068850638534148,0.6236779256226543,0.533532041728763,0.3781686497672012,0.9656084656084656,0.6770833333333334,0.9774545454545455,0.0,0.10416666666666667,0.60450563204005,0.6218313502327988,0.5758620689655173,671,2931,0.9907143186092274,0.89991304983435,0.005274847307051638,0.010827318156579679,0.8579884510171731,0.8026701207520388,0.11299278178789561,0.2248750694058856,0.010006710621384883,0.5733422854140873,0.7522935779816514,0.7956867196367764,0.9751853964632059,0.5513073839436698,2.3518142774747495,5.971820513997031,0.045407081174019225,756.0,0.5134367741144471,1.4163640445172085,5.8311083718110135,0.04340920493571036,278.0,nan,nan,nan,nan,0.0,0.4878200987555221,1.2979573898419192,5.8311083718110135,0.05414737483227446,141.0,0.5733422854140873,9.40514081847335,12.419921217876453,-0.09657323628003424,3506.0,0.5733422854140873,0.83065735678687,1.6715457922748738,5.728747741814617,-0.09657323628003424,3506.0,0.5793998801455912,0.8377184223090826,1.7258507854162184,5.728747741814617,-0.13560491627831223,2750.0,0.5543936898813087,0.7815118482676937,1.5330198655761293,5.621483462880975,-0.0715712002031322,2815.0,0.5733422854140873,0.83065735678687,1.6715457922748738,5.728747741814617,-0.09657323628003424,3506.0,0.9249161938449695,1.3205850151421012,2.9490852493997086,5.728747741814617,-0.4633811069261042,328.0,0.40260965307095375,0.5933637871517752,1.1217595334316282,3.9946472351393587,0.040981171475976,363.0,0.49030674451157974,0.7043517135955718,1.392072594127932,4.256935463891134,-0.17353287481531487,378.0,0.46455331748392803,0.6656955906304837,1.3943914006624714,3.6108281698250773,-0.020324260083193935,378.0,0.7612436108312638,0.9427587567164558,1.9053365561547375,2.7929574129456554,-0.036829436549595994,330.0,0.5253451432742485,0.7140198138277671,1.1756739944989245,3.3034525817015785,0.15613509935591818,207.0,0.6099871380067478,0.8319566985470543,1.5822022221760526,4.371820526391218,-0.0371216648385388,271.0,2.9490852493997086
modern_tcn_delta_bank_124,11,E:\Matlab\Simulink\S-Function_16\results\modern_tcn_metric_rebuild\39_paper_final_frozen_benchmark\01_A1_algorithm_comparison\03_offline\raw\modern_tcn_delta_bank_124_seed11_predictions.csv,nan,0.966129927817879,0.575235980011105,0.5878539747526441,0.5201192250372578,0.4480082772891878,0.9682539682539683,0.71875,0.9741818181818181,0.0,0.11458333333333333,0.6195244055068836,0.5519917227108122,0.5862068965517241,671,2931,0.9886037238333082,0.8825230174914732,0.007495835646862854,0.013048306496390895,0.8443188854189531,0.7923797538127065,0.13742365352581898,0.23320377568017767,0.010651687065368391,0.6102967135396983,0.7482798165137615,0.793416572077185,0.9703365658870508,0.6933163980637885,2.669324372222666,5.401720845675346,0.2585104123046441,756.0,0.6796421059970216,2.0614644513057283,4.080009231838885,0.3302083846361295,278.0,nan,nan,nan,nan,0.0,0.6464971821389496,2.0968561223628672,3.3189178375297796,0.29622607103457327,141.0,0.6102967135396983,9.642982092638357,12.717587692094778,-0.01917968121854612,3506.0,0.6102967135396983,0.8770214968175154,1.7358486082159588,5.724653043407194,-0.01917968121854612,3506.0,0.5874738475396211,0.8623932734567,1.6880825553734609,5.724653043407194,-0.09551921238346676,2750.0,0.6047399802270792,0.8446345487529576,1.710664078576193,5.542396275594574,0.010445574071767546,2815.0,0.6102967135396983,0.8770214968175154,1.7358486082159588,5.724653043407194,-0.01917968121854612,3506.0,0.7707633104938773,1.1140064738028628,2.1807302263847284,4.875269928131449,-0.1631302169315958,328.0,0.5083935743497591,0.8804658177091407,1.4618918550408628,5.724653043407194,-0.11884722372089512,363.0,0.5336811629096698,0.7306348887738844,1.463964347878454,3.8916646310416683,0.03858845922172125,378.0,0.5219555531023934,0.7051261345689711,1.6123296743407902,2.697301467393273,-0.19776643568104976,378.0,0.6850180072964303,0.9227702034787836,1.8251770131603884,3.865451645667629,-0.12387006639753874,330.0,0.7319581501614673,0.9185325455030908,1.8646713760807117,3.5800342619520746,0.20787710358073888,207.0,0.6778278759617284,0.911429259634909,1.8253451638800176,3.8017208580695323,0.223636089786915,271.0,2.1807302263847284
modern_tcn_delta_bank_124,21,E:\Matlab\Simulink\S-Function_16\results\modern_tcn_metric_rebuild\39_paper_final_frozen_benchmark\01_A1_algorithm_comparison\03_offline\raw\modern_tcn_delta_bank_124_seed21_predictions.csv,nan,0.961965574680733,0.6141032759578012,0.6349368816103719,0.5230998509687034,0.3585100879461976,0.9523809523809523,0.6458333333333334,0.9756363636363636,0.0013227513227513227,0.09375,0.6057571964956195,0.6414899120538023,0.5609195402298851,671,2931,0.9916398109872918,0.8959778161356399,0.003331482509716824,0.006385341476957246,0.8648054944733969,0.8102672155421021,0.10882842865074958,0.20932815102720712,0.009056315209657587,0.518888639453515,0.7557339449541285,0.7945516458569807,0.9660581859669138,0.503695843069136,2.3893758355981767,5.40125980790637,0.23330019092469145,756.0,0.5258299362327864,1.349854832014286,2.8063260141420745,0.26126822074111433,278.0,nan,nan,nan,nan,0.0,0.4854552986474944,1.3122959846221858,2.6241285835978685,0.26613715463969856,141.0,0.518888639453515,9.393259704412113,12.020735934476935,0.0353955072648894,3506.0,0.518888639453515,0.7359325442162362,1.4107342717659963,7.5207358092530265,0.0353955072648894,3506.0,0.5230652772959116,0.7465600222636758,1.3824996998080206,7.5207358092530265,-0.019010289406678,2750.0,0.5118539015223377,0.7216683247660395,1.3596409723106067,7.5207358092530265,0.07596640307803776,2815.0,0.518888639453515,0.7359325442162362,1.4107342717659963,7.5207358092530265,0.0353955072648894,3506.0,0.651065009260639,0.9102061185285737,1.8869574082244758,3.86284336717833,-0.3426321734484269,328.0,0.4540096807194313,0.6660430607852162,1.1486618556476518,5.2139119878411515,0.06235420577716239,363.0,0.45661750386465194,0.6522750463953164,1.1837933605304354,4.155297980173113,-0.1064684749369087,378.0,0.4668720069069212,0.6277414593311503,1.1431868186976522,3.5349031466809806,0.13427481594293042,378.0,0.5089530135886542,0.7395157951311566,1.2937895870660363,4.159900887343467,-0.1382355058909978,330.0,0.528702203420553,0.6871458787724193,1.473364459756709,2.41463750368688,0.3085500550822038,207.0,0.46188922132655974,0.6733607514565719,1.2914037166115864,3.8012598203005563,0.14713106114767813,271.0,1.8869574082244758
modern_tcn_delta_bank_124,42,E:\Matlab\Simulink\S-Function_16\results\modern_tcn_metric_rebuild\39_paper_final_frozen_benchmark\01_A1_algorithm_comparison\03_offline\raw\modern_tcn_delta_bank_124_seed42_predictions.csv,nan,0.9602998334258745,0.5746807329261522,0.5854657113613101,0.5275707898658718,0.4474909467149509,0.9365079365079365,0.7083333333333334,0.9756363636363636,0.0013227513227513227,0.10416666666666667,0.6583229036295369,0.5525090532850492,0.5471264367816092,671,2931,0.9910131584424643,0.8785897126969782,0.004997223764575236,0.00971682398667407,0.8424831845114782,0.7960506021841034,0.14741810105496947,0.24486396446418657,0.010160437461742637,0.5821501845644679,0.7580275229357798,0.7990919409761634,0.9597832287507131,0.5761291094460742,2.5074242895401815,6.029186845949145,0.24585467328211885,756.0,0.5751097741278901,1.6249664207676422,3.4773816413686607,0.20525207153965588,278.0,nan,nan,nan,nan,0.0,0.5043839052478892,1.366059925395647,3.0237454495755665,0.17618721167702986,141.0,0.5821501845644679,9.52330010290681,13.521119320585404,0.15130391061798046,3506.0,0.582150184564468,0.8480924438662715,1.7582118281674506,7.54989388681981,0.15130391061798043,3506.0,0.583805432851561,0.8502457488446694,1.7521174784886941,7.54989388681981,0.125311046409221,2750.0,0.5825073625340074,0.835956758088948,1.7409603644794778,7.54989388681981,0.17919922812871467,2815.0,0.582150184564468,0.8480924438662715,1.7582118281674506,7.54989388681981,0.15130391061798043,3506.0,0.6736716189620958,1.0145051350149386,2.208482800430713,5.328732803874354,-0.01834870777621006,328.0,0.49668327969759385,0.7730930375200926,1.8859773614559432,3.1014587016217368,0.08827564626695517,363.0,0.4788621109336866,0.7086892462165848,1.5202030796316246,3.9480299133935524,0.12518844013094532,378.0,0.5877577497198713,0.7611785849255074,1.7018418433904055,3.2312239715589284,0.018397928211852786,378.0,0.6046403269141594,0.837256219041654,1.564193670705204,4.5438283819108225,0.14322943815734387,330.0,0.6563353931775172,0.8765804816715926,1.926477421706782,3.4098325645811154,0.3816270150110802,207.0,0.5159101961104523,0.801122724049725,1.6844311042266615,4.429186858343332,0.1837980258522653,271.0,2.208482800430713
modern_tcn_delta_bank_124,73,E:\Matlab\Simulink\S-Function_16\results\modern_tcn_metric_rebuild\39_paper_final_frozen_benchmark\01_A1_algorithm_comparison\03_offline\raw\modern_tcn_delta_bank_124_seed73_predictions.csv,nan,0.9694614103275958,0.6024430871737924,0.6240191061071306,0.5081967213114754,0.3781686497672012,0.9616402116402116,0.6354166666666666,0.9832727272727273,0.003968253968253968,0.09375,0.5919899874843555,0.6218313502327988,0.5689655172413793,671,2931,0.9912374318126247,0.8842659014635527,0.002220988339811216,0.011660188784008884,0.859057442834247,0.8074542358316893,0.12243198223209328,0.21071626873958912,0.010380356984637483,0.5947506450588733,0.7649082568807339,0.7922814982973894,0.9463776383342841,0.6452347824139845,2.2895803685219436,6.679380727572985,0.07614848570868359,756.0,0.5970951827815879,1.4593933291537888,3.0854532205188696,0.1436365314715277,278.0,nan,nan,nan,nan,0.0,0.5464880604784165,1.4511346272632102,3.0854532205188696,0.11111211300553285,141.0,0.5947506450588733,9.525662281142576,13.82023208736048,0.1558399973071463,3506.0,0.5947506450588732,0.8180359081228948,1.5650665982295995,7.173478746565823,0.1558399973071463,3506.0,0.5808720967532499,0.8116423568024155,1.5616670876816798,7.173478746565823,0.17774791831385095,2750.0,0.6001317369335244,0.8100548582727234,1.4691667322145257,7.173478746565823,0.17558629496859118,2815.0,0.5947506450588732,0.8180359081228948,1.5650665982295995,7.173478746565823,0.1558399973071463,3506.0,0.6685676943798509,1.0008596062688189,2.1546164068197022,4.320232107590112,-0.11157403979899341,328.0,0.48632153815963436,0.6851813782805998,1.5651014775510914,3.7645121219054185,0.24434130930121375,363.0,0.42507299456629805,0.7146460752273751,1.3529912121924714,4.340388422717642,0.07669605867044679,378.0,0.49278336229585074,0.6692946010574017,1.311424452484092,3.2405059851975637,0.09950763129509418,378.0,0.6584880415586164,0.831767715533785,1.5425975196841217,4.139366430531926,0.13629774815590634,330.0,0.6704423214282857,0.8093674511971387,1.5339522984556277,2.1658525589242204,0.35187290135758065,207.0,0.6753633732695041,0.8873711027820007,1.3894143965607568,5.0793807399671715,-0.20369148020051314,271.0,2.1546164068197022
modern_tcn_delta_bank_124,101,E:\Matlab\Simulink\S-Function_16\results\modern_tcn_metric_rebuild\39_paper_final_frozen_benchmark\01_A1_algorithm_comparison\03_offline\raw\modern_tcn_delta_bank_124_seed101_predictions.csv,nan,0.9627984453081622,0.5874514158800667,0.5970658478335039,0.5454545454545454,0.4143817899637869,0.966931216931217,0.6458333333333334,0.9727272727272728,0.0,0.09375,0.6020025031289111,0.5856182100362132,0.5781609195402299,671,2931,0.9894609174077384,0.8591006070866454,0.004719600222098834,0.013048306496390895,0.8605747059371703,0.8172653037860369,0.13214880621876735,0.21460299833425875,0.00979255234839366,0.5610719202238796,0.7551605504587156,0.7849035187287173,0.9632059326868226,0.5573241064452471,2.572531093451771,4.987559945633752,0.38638687270232064,756.0,0.6112054262220834,1.4925125535853814,4.335743040308388,0.494372263305346,278.0,nan,nan,nan,nan,0.0,0.6239639143475909,1.521214289138245,4.335743040308388,0.5584835152101911,141.0,0.5610719202238796,9.573842008661023,13.200330094705647,0.022548739009288558,3506.0,0.5610719202238796,0.8032363417992752,1.5875454578194124,6.917214637940293,0.02254873900928856,3506.0,0.5621022283026601,0.8067045564016868,1.6234966921243008,6.917214637940293,-0.07747367156232318,2750.0,0.5436924056692164,0.767345761483928,1.5097224038122272,6.144801031143127,0.07321529029548028,2815.0,0.5610719202238796,0.8032363417992752,1.5875454578194124,6.917214637940293,0.02254873900928856,3506.0,0.7882173731388609,1.1521440102887262,2.445638003437933,6.917214637940293,-0.3427911624349858,328.0,0.4906025673733661,0.6825358105020626,1.3039246059546417,3.7622607208002528,-0.0402470025799889,363.0,0.43087379811153304,0.5834954185898693,0.9351580395992809,4.440035760066251,-0.0771468613196396,378.0,0.4637778380431623,0.6176362221524275,1.1761560777882798,2.3034471466409503,-0.053867093231082575,378.0,0.7079310810033934,0.9657613258183028,2.1888965472987434,3.3871165293404166,0.003926074029374214,330.0,0.5771049117652257,0.7726576385264059,1.5570095950268608,2.9973584010993974,0.4093051879683221,207.0,0.4869416946400955,0.7306994379770416,1.416242952733744,3.359365897629478,0.25810631975876575,271.0,2.445638003437933
modern_tcn_delta_bank_124,202,E:\Matlab\Simulink\S-Function_16\results\modern_tcn_metric_rebuild\39_paper_final_frozen_benchmark\01_A1_algorithm_comparison\03_offline\raw\modern_tcn_delta_bank_124_seed202_predictions.csv,nan,0.9655746807329262,0.573847862298723,0.5858068918457864,0.5216095380029806,0.42421107087428866,0.9656084656084656,0.7291666666666666,0.9738181818181818,0.0,0.09375,0.5894868585732165,0.5757889291257113,0.5551724137931034,671,2931,0.987491307730773,0.8464713000328818,0.007218212104386452,0.01526929483620211,0.8211399170755777,0.7617446257378319,0.16240977234869516,0.2781787895613548,0.01237052878442221,0.7087790896924933,0.7540137614678899,0.7883087400681045,0.9657729606389047,0.8238987484731817,2.8942201967546777,6.3641670704900735,-0.3549122212833148,756.0,0.8567768608416088,2.0540665453496416,6.3641670704900735,-0.5806958238216096,278.0,nan,nan,nan,nan,0.0,0.7891291270877764,1.8827636293854058,6.3641670704900735,-0.6440985682802485,141.0,0.7087790896924933,9.211772826985001,13.508770338566022,-0.04288344057908328,3506.0,0.7087790896924933,0.9740351950998959,1.7958515265898298,6.86416706661689,-0.04288344057908327,3506.0,0.6771316489513293,0.9423274829811258,1.8024666661866071,5.008770671214403,0.04289610786178909,2750.0,0.6800354526448374,0.929242677644788,1.6824293358634894,6.86416706661689,-0.10455300559606262,2815.0,0.7087790896924933,0.9740351950998959,1.7958515265898298,6.86416706661689,-0.04288344057908327,3506.0,0.8319098580161602,1.284949565068216,3.1457214437172274,5.008770671214403,-0.32344123554022647,328.0,0.8204221923894296,0.9875384642962239,1.573945889507341,4.0059870567088725,0.6888597612667895,363.0,0.5016214170264263,0.7409259124409985,1.46749218327345,4.255205718483828,-0.023021142433556,378.0,0.661283753617767,0.8535147122207918,1.589637822238622,3.5802297761170663,0.2774535237449316,378.0,0.7697434141953565,0.9605309079863741,1.760931101232826,3.8595006299098435,-0.04788701963220629,330.0,0.7168695384333397,0.8978656995712121,1.7692331854968055,2.6795590905288127,-0.45525573930572355,207.0,0.8719243250038996,1.0401848071843927,1.6096539797499503,3.2696000297408796,-0.04665041413835335,271.0,3.1457214437172274
modern_tcn_delta_bank_124,340,E:\Matlab\Simulink\S-Function_16\results\modern_tcn_metric_rebuild\39_paper_final_frozen_benchmark\01_A1_algorithm_comparison\03_offline\raw\modern_tcn_delta_bank_124_seed340_predictions.csv,nan,0.9608550805108274,0.5885619100499723,0.6062777209143637,0.511177347242921,0.4205897568546301,0.9484126984126984,0.6354166666666666,0.9756363636363636,0.0,0.10416666666666667,0.6295369211514393,0.5794102431453699,0.5712643678160919,671,2931,0.987514143677536,0.8597347868680634,0.007495835646862854,0.01665741254858412,0.8380703861297089,0.7815792962639418,0.14630760688506386,0.2518045530260966,0.01000882852821214,0.573463632536691,0.7517201834862385,0.800794551645857,0.9669138619509412,0.5798027471038093,2.4919904632543326,8.97673491858746,0.24678464488521876,756.0,0.5373033627249625,1.3232156535082074,3.7791099437090283,0.3077582518038868,278.0,nan,nan,nan,nan,0.0,0.5601803974279743,1.3815606128301678,3.7791099437090283,0.3975500548220663,141.0,0.573463632536691,9.441376039237326,12.797377108205222,0.17401652326069997,3506.0,0.5734636325366911,0.8359954257434415,1.7105468127658812,7.376734930981647,0.17401652326069997,3506.0,0.571720952313876,0.8362178461965517,1.7090586853004626,6.75470191930577,0.15401190509774135,2750.0,0.557730971386444,0.8052252833464711,1.629740957785232,7.376734930981647,0.19288167756007013,2815.0,0.5734636325366911,0.8359954257434415,1.7105468127658812,7.376734930981647,0.17401652326069997,3506.0,0.6891043292252288,1.0517146469460918,2.543160319525364,4.43215841751911,-0.09793538583351552,328.0,0.5909768353579168,0.8500348602585606,1.9115025040918794,4.925302771349085,0.2734512803686219,363.0,0.4962814795919738,0.7688084523052394,1.6463833326838637,5.2973768994987065,0.21755211366504798,378.0,0.4182598447306433,0.6371977623648865,1.5204305462753267,3.159264300114847,0.04492807412018662,378.0,0.5571052081197561,0.7741165266170479,1.7104761042997165,3.488555750809522,0.15854518843726353,330.0,0.6087437871970616,0.8317849308746441,1.7332399828811158,3.410050490304321,0.2648014099522019,207.0,0.6012936458418765,0.917445263471114,1.8547944316210265,7.376734930981647,0.17047419067025474,271.0,2.543160319525364
modern_tcn_delta_bank_124,520,E:\Matlab\Simulink\S-Function_16\results\modern_tcn_metric_rebuild\39_paper_final_frozen_benchmark\01_A1_algorithm_comparison\03_offline\raw\modern_tcn_delta_bank_124_seed520_predictions.csv,nan,0.9680732926152138,0.5527484730705163,0.5735243944046401,0.46199701937406856,0.49456802897051216,0.9722222222222222,0.6354166666666666,0.9785454545454545,0.0,0.10416666666666667,0.6207759699624531,0.5054319710294879,0.5954022988505747,671,2931,0.9859987293034826,0.8841135693575237,0.005830094392004442,0.01665741254858412,0.7988749418345232,0.7417894085889771,0.19100499722376457,0.32565241532481953,0.012253751536324955,0.7020882462333684,0.757454128440367,0.7894438138479001,0.9492298916143753,0.6788167998266386,2.5676536446932943,5.911388707768051,-0.2770272993622087,756.0,0.5853583982147165,1.4398842598274821,4.688770332183782,-0.057910442539887586,278.0,nan,nan,nan,nan,0.0,0.5581832539748095,1.4938022853997508,3.8778714908996506,0.0004326967225128778,141.0,0.7020882462333684,9.347964878044351,13.164221445884728,-0.3124159725454572,3506.0,0.7020882462333685,0.9579498772370578,1.8226574310807646,8.66422132066082,-0.3124159725454572,3506.0,0.7084857784091823,0.9746522976505958,1.862089756673516,8.66422132066082,-0.3221446405187431,2750.0,0.6782904742494593,0.9079231681965144,1.7374877042063737,8.66422132066082,-0.304367647750429,2815.0,0.7020882462333685,0.9579498772370578,1.8226574310807646,8.66422132066082,-0.3124159725454572,3506.0,1.0678119441247815,1.3916858046359155,2.549001796124335,6.737177574886221,-0.7625471551635337,328.0,0.5561746242673107,0.8489234273361119,1.5109420047916629,5.426262355693436,0.03190081423339848,363.0,0.637367530591171,0.8025604633422688,1.5937717515450895,3.1286829818797615,-0.4076516044069172,378.0,0.5730947237773546,0.7723482699569921,1.808832338460036,3.456675709456355,-0.2101617433907186,378.0,0.7506087818545726,0.9787955397966885,1.684968127850155,4.914767417997752,-0.275438839868566,330.0,0.5989472091827986,0.7948478300618687,1.5155178473374304,3.1941275066292962,-0.18389931307949992,207.0,0.8356966555882223,1.0384912383124285,1.6657794050680903,4.756298704960406,-0.572938662303633,271.0,2.549001796124335
modern_tcn_22d,1,E:\Matlab\Simulink\S-Function_16\results\modern_tcn_metric_rebuild\39_paper_final_frozen_benchmark\01_A1_algorithm_comparison\03_offline\raw\modern_tcn_22d_seed1_predictions.csv,nan,0.963353692393115,0.5688506385341477,0.5868304332992152,0.4903129657228018,0.48732540093119503,0.9828042328042328,0.6770833333333334,0.968,0.0013227513227513227,0.10416666666666667,0.6570713391739674,0.512674599068805,0.6126436781609196,671,2931,0.9831926536917429,0.8862328147109491,0.008606329816768461,0.018878400888395337,0.7910759447607488,0.7335429833795912,0.21377012770682954,0.33092726263187117,0.013391482888766619,0.7672754509479869,0.739105504587156,0.786038592508513,0.9398174557900741,0.8989629440685982,2.493339852502233,6.442146913357286,0.514265911466764,756.0,1.0299074249630966,2.3478933646930202,6.442146913357286,0.6768058897145617,278.0,nan,nan,nan,nan,0.0,0.9203842142507258,2.0909565464672686,6.442146913357286,0.6990046284758148,141.0,0.7672754509479869,9.424634818694802,13.411715911781078,0.06393467403296406,3506.0,0.767275450947987,1.0508400232854513,2.055317473151788,6.048190993541059,0.06393467403296406,3506.0,0.7310733619301025,1.0201741050856403,2.055272778101407,6.048190993541059,-0.05986547705792784,2750.0,0.7637578147884532,1.0217517847473043,1.958597597570129,6.04505476277326,0.1393569456139425,2815.0,0.767275450947987,1.0508400232854513,2.055317473151788,6.048190993541059,0.06393467403296406,3506.0,0.9017579806430812,1.3428192097176326,3.025303458413926,6.048190993541059,-0.5160262801534058,328.0,0.6730381948848922,0.9696782954016626,2.055317473151788,4.673459182498729,0.0030903172083774563,363.0,0.660857080802718,0.9407121990476597,1.9391496157482113,5.911715703074565,0.055499887897669506,378.0,0.6065822146624816,0.8562920234338999,1.973100885286757,4.192315471040467,-0.07449929794931122,378.0,0.6965706429428419,0.909802946652581,1.6814836801646453,5.869857742519788,-0.013496096120531263,330.0,0.7986439960582683,1.0348225103179691,1.9565373136956772,3.8283846359287925,0.5934915958410328,207.0,0.841263521741911,1.0410044572434327,2.007898724756416,3.3398284616737737,0.2870119239451351,271.0,3.025303458413926
modern_tcn_22d,7,E:\Matlab\Simulink\S-Function_16\results\modern_tcn_metric_rebuild\39_paper_final_frozen_benchmark\01_A1_algorithm_comparison\03_offline\raw\modern_tcn_22d_seed7_predictions.csv,nan,0.9697390338700722,0.5791227096057746,0.5977482088024565,0.4977645305514158,0.42214174857734094,0.9788359788359788,0.6875,0.9770909090909091,0.0,0.09375,0.6082603254067585,0.5778582514226591,0.5551724137931034,671,2931,0.9852008090653185,0.8611729091636358,0.008883953359244865,0.018600777345918935,0.8042983007999155,0.7466652724607803,0.1812881732370905,0.29955580233203777,0.011890886277287106,0.6812975983585783,0.7557339449541285,0.786038592508513,0.968625213918996,0.6346081183382171,2.472663802667547,6.826025315939982,-0.03909327242395115,756.0,0.6147027260801506,1.7440875559187983,4.992941707812899,0.012267360500616623,278.0,nan,nan,nan,nan,0.0,0.5243998675190469,1.511351816141864,3.5391711611385923,-0.03176734077196405,141.0,0.6812975983585783,9.188259900767232,14.86699614370537,-0.044581274598274344,3506.0,0.6812975983585782,0.9741319323848974,1.8926733667572349,8.269170009256452,-0.04458127459827434,3506.0,0.6941329608659941,1.006173073336904,1.9300899888000789,8.269170009256452,-0.04608997628692465,2750.0,0.642249099465105,0.8863361091520363,1.6770819327375162,8.269170009256452,-0.007243982126027394,2815.0,0.6812975983585782,0.9741319323848974,1.8926733667572349,8.269170009256452,-0.04458127459827434,3506.0,1.1088982149921212,1.5714098561843015,3.104836230166305,7.670623243371899,-0.7158731010699727,328.0,0.5977398080812368,0.917504478709458,1.9966387203506564,4.273243821195009,0.27244142725666204,363.0,0.622267364636462,0.8162470658924125,1.5093602183572519,5.909979981251736,-0.3109572058374215,378.0,0.5125099633220501,0.7558261967157291,1.5495326803239409,5.152783075430007,0.2406950233062402,378.0,0.5555473849933319,0.7826664886352086,1.5264760747757529,4.610140714210919,0.21950363402521425,330.0,0.6767246672240915,0.8439242743894962,1.600836344269681,2.681443902574619,0.07314707931184854,207.0,0.6228574667823736,0.8277920562637476,1.5795108875192294,5.226025328334169,-0.17751396896395255,271.0,3.104836230166305
modern_tcn_22d,11,E:\Matlab\Simulink\S-Function_16\results\modern_tcn_metric_rebuild\39_paper_final_frozen_benchmark\01_A1_algorithm_comparison\03_offline\raw\modern_tcn_22d_seed11_predictions.csv,nan,0.964741810105497,0.5652415324819545,0.5854657113613101,0.47690014903129657,0.44180031039834455,0.9603174603174603,0.6354166666666666,0.9774545454545455,0.0,0.09375,0.5769712140175219,0.5581996896016554,0.5701149425287356,671,2931,0.9865581669303801,0.8443073484242203,0.00971682398667407,0.01665741254858412,0.7999123916281687,0.7507264101530574,0.19294836202109938,0.31343697945585786,0.011573007937212073,0.6630845110736546,0.7591743119266054,0.7911464245175936,0.966343411294923,0.6842617696653215,2.659405816969897,6.314317788606382,-0.17057536731315165,756.0,0.66861558586119,1.865954235017227,3.600097942638987,-0.2954545138374441,278.0,nan,nan,nan,nan,0.0,0.7077783330633916,1.9714820237317592,3.0532727842443546,-0.4525341668075812,141.0,0.6630845110736546,9.620996780917146,13.32719915099134,0.011519773028822818,3506.0,0.6630845110736545,0.9127812796229251,1.7304839748705898,7.288359326754264,0.011519773028822813,3506.0,0.6572626901662727,0.9183110705881559,1.6928663238186028,7.288359326754264,0.06157938251919834,2750.0,0.6733452288023981,0.8930152123936567,1.7219195393053295,5.936963497341517,0.04948457727280422,2815.0,0.6630845110736545,0.9127812796229251,1.7304839748705898,7.288359326754264,0.011519773028822813,3506.0,0.7771768594260036,1.143338495233724,2.3457796345883124,6.5046256419031545,-0.23659731034460801,328.0,0.4804227737017989,0.8256032274085903,1.1164612703150854,7.288359326754264,-0.058696537164902626,363.0,0.5744334877218812,0.7716553954608212,1.4759923536955295,3.748004835341967,0.015110410109133821,378.0,0.46705503858499225,0.6274764356875587,1.0506843928294054,3.98225791231519,0.15543926044183975,378.0,0.626646589399814,0.857394852751673,1.62185300710054,5.936963497341517,0.0408795757342629,330.0,0.624334625859177,0.7623921063298591,1.4414835059329585,2.292195957448088,-0.12201332719881748,207.0,0.7460867064380907,0.9892307044233484,2.091912452785953,4.542345163643872,-0.07956407421320275,271.0,2.3457796345883124
modern_tcn_22d,21,E:\Matlab\Simulink\S-Function_16\results\modern_tcn_metric_rebuild\39_paper_final_frozen_benchmark\01_A1_algorithm_comparison\03_offline\raw\modern_tcn_22d_seed21_predictions.csv,nan,0.9589117157134925,0.5860632981676847,0.6011600136472194,0.5201192250372578,0.4154164511122607,0.9417989417989417,0.6979166666666666,0.9727272727272728,0.0,0.09375,0.6921151439299124,0.5845835488877392,0.49195402298850577,671,2931,0.9888555766015382,0.8732667465397543,0.006385341476957246,0.011660188784008884,0.8410369739265687,0.7853253116803631,0.14547473625763466,0.24430871737923376,0.01079316380710266,0.6184027337403343,0.7557339449541285,0.7951191827468785,0.9717626925270965,0.5669949362500689,2.4593989883300003,5.822527092892539,0.05509273945518994,756.0,0.5126581982904042,1.5990808362425932,4.118051677968564,-0.02717577058806819,278.0,nan,nan,nan,nan,0.0,0.5020569900208537,1.873747779680989,3.7717465728969315,-0.04089860205382246,141.0,0.6184027337403343,9.261130762135275,13.306744441974445,0.05735844713652092,3506.0,0.6184027337403343,0.9054666226324061,1.7572488715460781,6.9739776720896245,0.05735844713652092,3506.0,0.6325352046140218,0.9310221979249002,1.7927950542888453,6.9739776720896245,0.05798131077546137,2750.0,0.5352832802925735,0.7581830807878521,1.4872346849868128,5.727363241125515,0.04635251132431186,2815.0,0.6184027337403343,0.9054666226324061,1.7572488715460781,6.9739776720896245,0.05735844713652092,3506.0,0.8800635883873755,1.3156515849488202,2.9064555201574005,6.9739776720896245,-0.3428444559360683,328.0,1.0265473649558086,1.3772416776636152,3.2698380618334544,6.070691130770962,0.504323354902851,363.0,0.5435167697047845,0.7684101391456997,1.5025558985287213,5.435096565054613,-0.15371316898246057,378.0,0.5715889934418003,0.7573024396681803,1.6119183261980263,3.411677142543842,0.35444979904371826,378.0,0.5496113908007341,0.7926213504041303,1.5294394804132094,5.693669811228136,-0.09056612318659343,330.0,0.5812415546386214,0.8123074767267214,1.6941529607035037,3.308647794339019,0.18949889194010966,207.0,0.6118531028417903,0.8545452702983344,1.4778716695734895,4.159693633790839,0.03682178826569686,271.0,3.2698380618334544
modern_tcn_22d,42,E:\Matlab\Simulink\S-Function_16\results\modern_tcn_metric_rebuild\39_paper_final_frozen_benchmark\01_A1_algorithm_comparison\03_offline\raw\modern_tcn_22d_seed42_predictions.csv,nan,0.961965574680733,0.5558023320377568,0.5690890481064483,0.4977645305514158,0.4340403517847905,0.9629629629629629,0.6770833333333334,0.9716363636363636,0.0,0.09375,0.5569461827284106,0.5659596482152095,0.532183908045977,671,2931,0.9826474496277063,0.840471503071233,0.008883953359244865,0.02193225985563576,0.7854928722138814,0.7284156323432407,0.21654636313159356,0.34258745141588004,0.01169565496152066,0.670111667936375,0.7436926605504587,0.7962542565266743,0.9746149458071877,0.5960529356078399,2.434270242125847,6.065464968838844,0.06718474668860405,756.0,0.5586888134278212,1.6481184248486291,5.489918224654074,-0.008681240447212435,278.0,nan,nan,nan,nan,0.0,0.5254304567034782,1.593723257201983,5.489918224654074,-0.0945200114478633,141.0,0.670111667936375,9.709066947622581,12.149134953136713,-0.20916107484157573,3506.0,0.6701116679363751,0.9545731055501643,1.8695615674108588,7.638799897924928,-0.20916107484157573,3506.0,0.6904710867146924,0.9883801422630386,1.9257975884326999,7.638799897924928,-0.2851310534149633,2750.0,0.6315810622963443,0.8877013579360383,1.7915170405177698,6.740552755553265,-0.14742252325176167,2815.0,0.6701116679363751,0.9545731055501643,1.8695615674108588,7.638799897924928,-0.20916107484157573,3506.0,0.9678395884241839,1.3364419523947324,2.5473299792589272,6.917266397967597,-0.6502493795138148,328.0,0.6998882435746269,1.0373330834231285,1.8935200247337507,7.638799897924928,-0.2893733580174219,363.0,0.5717841162938707,0.7406962196265215,1.465345796326773,3.199824951614145,-0.2696586149631982,378.0,0.6588383877886719,0.9267079869008088,1.9282000754567405,4.592506926682091,-0.3742321421155771,378.0,0.6595341239187467,0.9697774236954739,1.9185083998782921,6.740552755553265,-0.13711735412040404,330.0,0.5836051496436995,0.7867183835316715,1.4016153715824766,3.186789749026587,0.029865576483949538,207.0,0.6438902701488816,0.8272667174247691,1.1480713431052223,4.293492343876335,0.17351615870380876,271.0,2.5473299792589272
modern_tcn_22d,73,E:\Matlab\Simulink\S-Function_16\results\modern_tcn_metric_rebuild\39_paper_final_frozen_benchmark\01_A1_algorithm_comparison\03_offline\raw\modern_tcn_22d_seed73_predictions.csv,nan,0.9652970571904498,0.5805108273181566,0.5875127942681678,0.5499254843517138,0.4355923435075013,0.9484126984126984,0.625,0.9818181818181818,0.0,0.11458333333333333,0.6195244055068836,0.5644076564924987,0.5804597701149425,671,2931,0.9903967671038238,0.9105863785680529,0.004719600222098834,0.012770682953914493,0.8458090822765628,0.8042082484517072,0.13714602998334258,0.2362576346474181,0.010254496823200988,0.5875393889997269,0.7614678899082569,0.800794551645857,0.9572162007986309,0.6541175478220482,2.9289681438268826,5.5035828718623305,-0.24396795524452558,756.0,0.5575968945179196,1.941857892475827,4.796140905936382,-0.04950103489771804,278.0,nan,nan,nan,nan,0.0,0.5150948144806726,1.5304368587867605,3.6870253333189162,-0.05615881748023104,141.0,0.5875393889997269,9.509761600754786,14.19743952955819,-0.1902834868798461,3506.0,0.5875393889997269,0.8921600864338712,1.6342968220276803,7.803291397067198,-0.1902834868798461,3506.0,0.5692364478834816,0.8925770447535143,1.5848253563267958,7.803291397067198,-0.17552513848577422,2750.0,0.5647211424213987,0.8058710521025488,1.577225234082593,5.887629627935897,-0.19056436715769515,2815.0,0.5875393889997269,0.8921600864338712,1.6342968220276803,7.803291397067198,-0.1902834868798461,3506.0,0.8808042012346827,1.4017784265488118,3.1634318894473172,6.986019935926592,-0.4283045331369189,328.0,0.49950221463313876,0.9358850985949115,1.5857989144156166,7.803291397067198,0.02696604798093905,363.0,0.42414398607012627,0.5973821018905782,1.1576431915524175,3.7445321110358387,-0.12212090369709742,378.0,0.5488864966117777,0.7956920683426607,1.585186609300866,5.161445676288286,-0.13016260105913185,378.0,0.5458295148955985,0.7890621174457983,1.5293217130108805,4.879762271614614,-0.2536386581286723,330.0,0.6953622595260751,0.916512361625056,1.9725679384324266,2.761510048068153,-0.3371667406534521,207.0,0.7216270913490377,0.90778435769148,1.6177565050962894,3.731610246899821,-0.37226926622889717,271.0,3.1634318894473172
modern_tcn_22d,101,E:\Matlab\Simulink\S-Function_16\results\modern_tcn_metric_rebuild\39_paper_final_frozen_benchmark\01_A1_algorithm_comparison\03_offline\raw\modern_tcn_22d_seed101_predictions.csv,nan,0.9666851749028318,0.5971682398667407,0.6124189696349369,0.5305514157973175,0.41024314536989137,0.9656084656084656,0.6979166666666666,0.9763636363636363,0.0013227513227513227,0.10416666666666667,0.6070087609511889,0.5897568546301086,0.6045977011494252,671,2931,0.991110841952707,0.8660120077971916,0.00277623542476402,0.011382565241532482,0.8485062336619127,0.8007056087988772,0.13464741810105496,0.2248750694058856,0.009926759825099772,0.5687614422182402,0.7534403669724771,0.7922814982973894,0.9806046776953794,0.5103669207985909,2.2942645976321026,6.006492688658131,-0.08127063106910366,756.0,0.5017941941024985,1.683416447608943,4.544293475104618,-0.14750597663574783,278.0,nan,nan,nan,nan,0.0,0.4463737407347526,1.3550240472441988,3.203636624057835,-0.2293018025286578,141.0,0.5687614422182402,9.664712979812988,12.440057469323296,-0.08942890213487811,3506.0,0.5687614422182402,0.8201704976604873,1.5277837571810338,7.059102639880611,-0.08942890213487811,3506.0,0.5848146270157875,0.8460695776269573,1.5699208376851101,7.059102639880611,-0.0916716850169601,2750.0,0.5423935998181185,0.7649262068880577,1.4447037693718896,5.707977990322255,-0.054377914684909635,2815.0,0.5687614422182402,0.8201704976604873,1.5277837571810338,7.059102639880611,-0.08942890213487811,3506.0,0.8174956694534976,1.217338281821199,2.5274598063689373,7.059102639880611,-0.42530878945605166,328.0,0.5484877502710721,0.7877452770280252,1.1484429480847524,5.251294040055454,-0.05774825924318765,363.0,0.4989791219815738,0.7216262881006803,1.5683237046694096,3.4609324114131543,-0.12149198986160178,378.0,0.4986153635884107,0.6926485775924748,1.36901827242425,3.982971026753222,-0.06460904851150637,378.0,0.6302529173158138,0.8464987400713543,1.6389902185323668,5.45045541934215,-0.31156448169563705,330.0,0.5077135770520362,0.6692272145529444,1.2520840464514562,2.6710576394462624,-0.016249878191398857,207.0,0.5211878070607701,0.7476694618896794,1.3139458221522875,4.4064927010523185,-0.06298970774127274,271.0,2.5274598063689373
modern_tcn_22d,202,E:\Matlab\Simulink\S-Function_16\results\modern_tcn_metric_rebuild\39_paper_final_frozen_benchmark\01_A1_algorithm_comparison\03_offline\raw\modern_tcn_22d_seed202_predictions.csv,nan,0.9589117157134925,0.5943920044419767,0.611395428181508,0.5201192250372578,0.3952405587170202,0.9470899470899471,0.6458333333333334,0.9730909090909091,0.0,0.09375,0.6157697121401752,0.6047594412829799,0.5517241379310345,671,2931,0.9854758995956081,0.828270246848513,0.01110494169905608,0.018878400888395337,0.827871559043986,0.7668027018309254,0.15713492504164353,0.2656857301499167,0.012903018859804794,0.7392885236445184,0.7511467889908257,0.7979568671963677,0.9677695379349687,0.6509029548772003,2.755358822390322,6.246365090327571,-0.3219646546357666,756.0,0.6816976246897267,2.147595794110063,4.185324772424958,-0.33633875840902056,278.0,nan,nan,nan,nan,0.0,0.6863764526345176,1.78524304218961,4.185324772424958,-0.4246882023377184,141.0,0.7392885236445184,9.522823910655614,12.908978984148645,-0.45341560986449514,3506.0,0.7392885236445184,1.0088220972066495,2.123269104213541,6.408632028873679,-0.4534156098644952,3506.0,0.7635865200038245,1.0447133483491409,2.2352759676860625,6.408632028873679,-0.48955267246555656,2750.0,0.7268974562122398,0.975124306453226,2.0508372532543997,6.408632028873679,-0.4233063859052414,2815.0,0.7392885236445184,1.0088220972066495,2.123269104213541,6.408632028873679,-0.4534156098644952,3506.0,1.064803739057909,1.4537824477444727,3.041564431280436,5.624165165903851,-0.8447319204379777,328.0,0.5412495819538075,0.7389574422504445,1.5938641725422962,3.9093048752336954,-0.3333211624187577,363.0,0.579802354079247,0.7781348432418762,1.6575359216927548,3.522777639913504,-0.3815099012270281,378.0,0.799626633844214,1.02529407862388,2.264742129473097,3.9212086142965585,-0.5329902533624221,378.0,0.7971827826728093,1.0240390448958778,1.960960811006442,6.408632028873679,-0.6754757556888386,330.0,0.7113280205629675,0.8861614401651773,1.6839144110881201,2.9924970139576406,-0.33142350535449405,207.0,0.5731579113169193,0.7957286986119364,1.7332399028398369,4.474392465365061,-0.2999942378544341,271.0,3.041564431280436
modern_tcn_22d,340,E:\Matlab\Simulink\S-Function_16\results\modern_tcn_metric_rebuild\39_paper_final_frozen_benchmark\01_A1_algorithm_comparison\03_offline\raw\modern_tcn_22d_seed340_predictions.csv,nan,0.968906163242643,0.6057745696835092,0.6236779256226543,0.5275707898658718,0.38541127780651835,0.9722222222222222,0.6458333333333334,0.9792727272727273,0.0,0.08333333333333333,0.5844806007509387,0.6145887221934816,0.6057471264367816,671,2931,0.9891866363712865,0.886389693236927,0.006107717934480844,0.013603553581343698,0.8506155559587466,0.8055031709379691,0.13020544142143253,0.21793448084397557,0.011079002522328987,0.6347800857442445,0.7631880733944955,0.7849035187287173,0.9714774671990872,0.5961544717821673,2.7001206279731957,6.628970943290529,0.13272411802490872,756.0,0.6782564149578136,1.8880146361306285,5.021873535363427,0.15839145309649486,278.0,nan,nan,nan,nan,0.0,0.6497560363359147,1.9193608501753918,4.707348019839394,0.08847577598308397,141.0,0.6347800857442445,9.702750943631024,12.431853558356465,-0.07442562796613,3506.0,0.6347800857442446,0.9320514464268912,1.7648140531038075,7.740857758442022,-0.07442562796612999,3506.0,0.6453986181643646,0.9538127838869763,1.800210078406541,7.740857758442022,-0.13137297631857556,2750.0,0.61262406626859,0.8562042733818807,1.6659554958826288,6.493102258999697,-0.023702732472793045,2815.0,0.6347800857442446,0.9320514464268912,1.7648140531038075,7.740857758442022,-0.07442562796612999,3506.0,0.8192196775930045,1.3411005221180674,2.834796056871684,6.347697349967057,-0.44207430057462827,328.0,0.6399398893188294,1.039404042055438,1.9175378726859151,7.740857758442022,-0.13557214641835064,363.0,0.49284620613459795,0.7144019864771256,1.4148919786685106,3.958247022618245,-0.12463298245027353,378.0,0.6485082659242075,0.8657263617971664,1.5864234711821896,4.720444907572893,-0.012225060614352391,378.0,0.6651299164788382,0.881077128697904,1.5350796371863957,6.493102258999697,-0.41905067418689096,330.0,0.4907384952249342,0.6349313765036875,1.1896517098310908,2.5301932587469476,0.13463598646361924,207.0,0.5924525047877669,0.8253731503578755,1.449648314066792,4.856998318328019,0.10493343198537358,271.0,2.834796056871684
modern_tcn_22d,520,E:\Matlab\Simulink\S-Function_16\results\modern_tcn_metric_rebuild\39_paper_final_frozen_benchmark\01_A1_algorithm_comparison\03_offline\raw\modern_tcn_22d_seed520_predictions.csv,nan,0.9652970571904498,0.5843975569128262,0.5980893892869328,0.5245901639344263,0.4355923435075013,0.9642857142857143,0.6458333333333334,0.9767272727272728,0.0,0.09375,0.6658322903629537,0.5644076564924987,0.5540229885057472,671,2931,0.9908028288778734,0.883454663498959,0.00555247084952804,0.009994447529150472,0.856250329828732,0.8130635953057934,0.12742920599666852,0.20433092726263188,0.010463024810138777,0.5994871625616214,0.7540137614678899,0.793416572077185,0.9646320593268682,0.6273777205128633,2.702799983118545,5.9104043067539225,-0.20181189047358516,756.0,0.6652977055367658,1.8382958535487666,3.8160015029635597,-0.2956760176169762,278.0,nan,nan,nan,nan,0.0,0.6037203333164552,1.6689281222754662,3.38245247063265,-0.363530838752393,141.0,0.5994871625616214,9.44188061946226,17.281392883224008,-0.18292122812253453,3506.0,0.5994871625616214,0.8760224933520336,1.7071978322776065,7.7813929034536375,-0.18292122812253456,3506.0,0.5918197946302982,0.8773195679817463,1.690184161892392,7.7813929034536375,-0.17772801330893662,2750.0,0.5541204361474186,0.7831208001620731,1.519224724402129,5.7717841234446325,-0.15523054607025835,2815.0,0.5994871625616214,0.8760224933520336,1.7071978322776065,7.7813929034536375,-0.18292122812253456,3506.0,0.9643745981880141,1.3998415956033918,2.9653041098811137,7.7813929034536375,-0.5484671115333486,328.0,0.6215925509101734,0.9410237019956352,2.1616122921101115,5.236643924616011,-0.0673570964928111,363.0,0.5114977237533361,0.677260567186254,1.4056921193989869,3.39304886879969,-0.2403893220856873,378.0,0.5169668017924307,0.6976393016660994,1.4145157633112913,3.0758072858635193,0.07360221731245165,378.0,0.5210112300568419,0.7172365442419558,1.2950511443500792,5.4772535598289895,-0.10986662175570465,330.0,0.6410261341937952,0.8930839576372177,1.835139196246481,4.088352414631762,-0.02276559870844975,207.0,0.5780530804073366,0.8174294098125939,1.539364556362202,4.138431681791412,-0.24228552534266376,271.0,2.9653041098811137
gru_22d,1,E:\Matlab\Simulink\S-Function_16\results\modern_tcn_metric_rebuild\39_paper_final_frozen_benchmark\01_A1_algorithm_comparison\03_offline\raw\gru_22d_seed1_predictions.csv,nan,0.9280955024986118,0.5052748473070516,0.5250767656090072,0.4187779433681073,0.4164511122607346,0.8928571428571429,0.6354166666666666,0.948,0.013227513227513227,0.11458333333333333,0.32665832290362956,0.5835488877392654,0.4954022988505747,671,2931,0.8960433109936875,0.6878486434666325,0.07384786229872294,0.13464741810105496,0.6380882176621797,0.5811663649686872,0.4969461410327596,0.6832315380344253,0.017645844156330283,1.011032396103312,0.7150229357798165,0.8121452894438138,0.9557900741585853,0.8167667347115224,2.4333567576852118,6.038602688606827,-0.12016898966412701,756.0,0.7814165726388193,2.135734178104475,3.540764943092731,-0.2612533693888463,278.0,nan,nan,nan,nan,0.0,0.7027721424957577,2.068681165149744,3.173608978032344,-0.31804644648825875,141.0,1.011032396103312,8.28959291520501,12.196459626348462,-0.1707621442495521,3506.0,1.011032396103312,1.2618490287492279,2.350827315139691,5.8188925784804475,-0.1707621442495521,3506.0,1.0644377924713824,1.3205523669926142,2.3787243690309623,5.8188925784804475,-0.1846706623828544,2750.0,0.893520275113245,1.1050995268382424,1.9531651639250769,4.850407532624501,-0.17438842871281432,2815.0,1.011032396103312,1.2618490287492279,2.350827315139691,5.8188925784804475,-0.1707621442495521,3506.0,1.7944276826835939,2.081365174474214,3.6550379352658284,5.8188925784804475,-1.6726718819712376,328.0,1.2144565464854227,1.4120173314021318,2.3424957650127527,5.766753902564332,1.2144565464854227,363.0,1.228100630648369,1.3876078735484054,2.176132036313772,3.845507279847777,-1.106147993766048,378.0,1.0207032871798747,1.208698806289203,1.9845981427166397,4.591722522144599,0.9899923150595621,378.0,0.5482972670128611,0.7249479325226696,1.3881560142474634,4.572114596502223,0.20956042678605746,330.0,0.7519976832257511,0.9424320311606974,1.6639429833117279,3.865095408613732,0.21134482417911288,207.0,0.9025030399283717,1.0878590513987108,2.1819619336076643,4.438602701001013,-0.22866309262382695,271.0,3.6550379352658284
gru_22d,7,E:\Matlab\Simulink\S-Function_16\results\modern_tcn_metric_rebuild\39_paper_final_frozen_benchmark\01_A1_algorithm_comparison\03_offline\raw\gru_22d_seed7_predictions.csv,nan,0.9300388672959466,0.5410882842865075,0.5677243261685432,0.4247391952309985,0.32436627004655977,0.9166666666666666,0.5104166666666666,0.9483636363636364,0.003968253968253968,0.13541666666666666,0.3341677096370463,0.6756337299534403,0.432183908045977,671,2931,0.9174947212982335,0.7185699771257047,0.051637978900610775,0.10882842865074958,0.6709983277261724,0.6094258506910181,0.4430871737923376,0.5866185452526375,0.016500631192897238,0.9454165266549287,0.7173165137614679,0.804199772985244,0.9592127780946949,1.175637264723988,3.5976132478849827,5.353528311552207,-0.19934472073651713,756.0,1.1160156516924027,3.2231612960975276,4.286014994282462,-0.3372743740714477,278.0,nan,nan,nan,nan,0.0,1.0216475047986278,2.6762860425342003,3.4025321595754323,-0.31558059620460366,141.0,0.9454165266549287,8.930386108653405,11.805556801091214,-0.37161442264787825,3506.0,0.9454165266549288,1.2812110033558153,2.5814569634180007,6.692096191930024,-0.37161442264787825,3506.0,0.8821267528439437,1.2406152042098062,2.474197436268313,6.692096191930024,-0.41897292979151046,2750.0,0.9110145294118249,1.1829522988963193,2.391374295588468,5.642064957284336,-0.33336533335089596,2815.0,0.9454165266549288,1.2812110033558153,2.5814569634180007,6.692096191930024,-0.37161442264787825,3506.0,1.665762889884121,2.1674803634826403,4.563692428974901,6.692096191930024,-1.5842244663999636,328.0,0.5613063754157077,0.870271743055509,1.66228597675104,5.328393855736793,0.4274624588388409,363.0,0.8670345059570425,1.207777151216889,2.480213360167554,3.7376114218593233,-0.6982324970726487,378.0,0.7045207037301743,0.971441880154855,1.8820933957287582,5.642064957284336,0.07658368240825335,378.0,0.6687289879656427,0.8924787340001531,1.7525745675545557,4.569264539988482,-0.398883231219438,330.0,1.2758946899326644,1.5374554643805103,2.715490410563406,3.737442374677363,-0.567239268309281,207.0,1.1602185245195038,1.3693208287911705,2.510301773532311,3.753528323946394,0.2231593935611684,271.0,4.563692428974901
gru_22d,11,E:\Matlab\Simulink\S-Function_16\results\modern_tcn_metric_rebuild\39_paper_final_frozen_benchmark\01_A1_algorithm_comparison\03_offline\raw\gru_22d_seed11_predictions.csv,nan,0.9344808439755691,0.5266518600777346,0.5506653019447287,0.4217585692995529,0.38696326952922916,0.8981481481481481,0.5104166666666666,0.9592727272727273,0.003968253968253968,0.11458333333333333,0.3967459324155194,0.6130367304707708,0.4540229885057471,671,2931,0.9143208219699939,0.696760305228366,0.06829539144919489,0.11299278178789561,0.6441097966166869,0.5911787189976172,0.4994447529150472,0.6668517490283176,0.014667937929874992,0.8404109375416947,0.7282110091743119,0.8183881952326901,0.9629207073588134,0.8643621384453779,2.681835944760807,5.271832418889685,-0.14947037028940474,756.0,0.864291264929124,2.3493699768863827,3.644145832596401,-0.33976148257627964,278.0,nan,nan,nan,nan,0.0,0.7919939705656002,2.33882261734315,3.3001121923106194,-0.4245641015508969,141.0,0.8404109375416947,8.59854307537562,11.859265139855943,-0.3017301428189278,3506.0,0.8404109375416946,1.0783758735540439,2.073971386785769,6.416067970445709,-0.3017301428189278,3506.0,0.833826534675082,1.0808791613456206,2.017096097410207,6.416067970445709,-0.343587738467044,2750.0,0.7544675621831872,0.9601511990863136,1.938205230037668,5.1818110058765905,-0.28715776577126995,2815.0,0.8404109375416946,1.0783758735540439,2.073971386785769,6.416067970445709,-0.3017301428189278,3506.0,1.5158485833698807,1.8196347212397466,3.773204647529991,6.416067970445709,-1.4400196253787987,328.0,0.8965736201933572,1.0444076552128991,1.6769640959660916,5.3875593022049735,0.613800735667245,363.0,0.738797977587967,0.9000767593521142,1.7462826826685198,2.670203972521736,-0.6555967442088161,378.0,0.5874164102255682,0.7585665540508254,1.2953165398879931,4.6101264668632,0.2558971581804998,378.0,0.764703845302125,0.9555589014928788,1.7934383086982755,4.329429757720327,-0.2645936489887166,330.0,0.9394310731542269,1.1758310316790705,2.399116699210819,3.5630872819608053,-0.12395478420667241,207.0,0.8070943648394252,0.9858885025833318,1.866125848856209,3.6718324312838715,0.026246245565302393,271.0,3.773204647529991
gru_22d,21,E:\Matlab\Simulink\S-Function_16\results\modern_tcn_metric_rebuild\39_paper_final_frozen_benchmark\01_A1_algorithm_comparison\03_offline\raw\gru_22d_seed21_predictions.csv,nan,0.9380899500277624,0.5294280955024986,0.5595359945411122,0.3979135618479881,0.3460941541645111,0.9034391534391535,0.59375,0.9596363636363636,0.003968253968253968,0.11458333333333333,0.32916145181476847,0.6539058458354888,0.4367816091954023,671,2931,0.9143038368819607,0.6961118344881525,0.04441976679622432,0.10188784008883954,0.651265828428074,0.6026563393626535,0.4619655746807329,0.641588006662965,0.013620463253505728,0.7803950594389041,0.7299311926605505,0.8149829738933031,0.9634911580148318,0.8397148379336782,2.803995532252922,5.123718486077487,0.08586008399917415,756.0,0.7600336834968312,2.4864463560163523,4.4112892013969605,0.02406005582055935,278.0,nan,nan,nan,nan,0.0,0.664711359013056,2.4974147006723815,3.1732422822512767,-0.013854717052470449,141.0,0.7803950594389041,8.654426829391042,13.341272755776142,0.021403179612595597,3506.0,0.7803950594389041,1.0578501451478701,2.047026904159862,7.074478462919369,0.0214031796125956,3506.0,0.7640875130599771,1.0556008083018056,2.0118142054033217,7.074478462919369,0.0036833906248670886,2750.0,0.6864377969606394,0.9154540019667895,1.7487072077247852,5.877762512545315,-0.0091789067420419,2815.0,0.7803950594389041,1.0578501451478701,2.047026904159862,7.074478462919369,0.0214031796125956,3506.0,1.108226911385299,1.5755409626528631,3.372629057780584,6.285851694579883,-0.9435688756241244,328.0,1.2127940854386214,1.437443775772324,2.314088069103659,7.074478462919369,1.130492455662041,363.0,0.538786206434364,0.7269287160259742,1.4435136302533533,3.667666015890133,-0.33958589179434173,378.0,0.7945815933281009,1.0215595427170876,1.8981048319028062,5.8100149333850135,0.6971831544888908,378.0,0.5472806789748185,0.7527055410021902,1.2392551796098572,5.734005706815058,0.07805766174787536,330.0,0.9540884848202885,1.1678218228265784,2.14210664855056,3.4488551428566896,-0.00035656263243573653,207.0,0.8340912808411142,1.023145674365073,1.8577768764107951,3.3517458611149773,0.21511194262056965,271.0,3.372629057780584
gru_22d,42,E:\Matlab\Simulink\S-Function_16\results\modern_tcn_metric_rebuild\39_paper_final_frozen_benchmark\01_A1_algorithm_comparison\03_offline\raw\gru_22d_seed42_predictions.csv,nan,0.9411438089950028,0.5430316490838423,0.5694302285909246,0.4277198211624441,0.3435075012933264,0.8968253968253969,0.5625,0.9665454545454546,0.005291005291005291,0.11458333333333333,0.3541927409261577,0.6564924987066736,0.46436781609195404,671,2931,0.9230161668255462,0.7221791969425967,0.0421987784564131,0.09355913381454747,0.6582769973566583,0.6086697238013367,0.4630760688506385,0.6260410882842865,0.0162088041916581,0.928696071135967,0.739105504587156,0.818955732122588,0.9632059326868226,0.7707684971639149,2.8536288094041162,5.56504134090093,-0.2638227334067002,756.0,0.7812483136331284,2.313559316412348,3.99402867613265,-0.33059682746003916,278.0,nan,nan,nan,nan,0.0,0.7167736754067676,2.3090017979834636,3.157880973364507,-0.42209956182492664,141.0,0.928696071135967,8.680481012866878,11.69446462801462,-0.4321519193301272,3506.0,0.9286960711359669,1.210255802531915,2.1434325830355556,6.567218989561031,-0.4321519193301272,3506.0,0.9721117969261022,1.268376078204162,2.2457854303515754,6.567218989561031,-0.47842714280580384,2750.0,0.8108084167884481,1.0210474808713312,1.8517430286010623,5.328608980015222,-0.4161087305106448,2815.0,0.9286960711359669,1.210255802531915,2.1434325830355556,6.567218989561031,-0.4321519193301272,3506.0,1.8590133222076168,2.272940070968437,4.872036730021775,6.567218989561031,-1.7956615216075285,328.0,1.0022764806036375,1.180685570419599,2.07158109271659,5.904341873535302,0.6754777584113179,363.0,0.9890781617731013,1.1533385754311096,1.815273036092629,4.209915801314529,-0.9230401773809945,378.0,0.694361122586883,0.9134807804211896,1.676608243110306,4.758031652018882,0.47667283654257814,378.0,0.6064472995434592,0.8252975194937436,1.6252471949033835,5.107742887052238,-0.34650477604706453,330.0,0.8072874202955953,1.0094657277392791,1.7361390059815176,3.2980976066705825,-0.28185109872622494,207.0,0.7321234563273864,0.9298594687603067,1.662876331211944,3.7930687159384195,-0.18155310326658997,271.0,4.872036730021775
gru_22d,73,E:\Matlab\Simulink\S-Function_16\results\modern_tcn_metric_rebuild\39_paper_final_frozen_benchmark\01_A1_algorithm_comparison\03_offline\raw\gru_22d_seed73_predictions.csv,nan,0.9364242087729039,0.5186007773459189,0.5394063459570113,0.4277198211624441,0.45318158303155714,0.8968253968253969,0.59375,0.9592727272727273,0.005291005291005291,0.125,0.44680851063829785,0.5468184169684428,0.5218390804597701,671,2931,0.9310482988418619,0.7302713036874044,0.03886729594669628,0.08800666296501944,0.6578835867042891,0.6056210807871226,0.4633536923931149,0.641588006662965,0.019380790454333385,1.1104374966607362,0.7333715596330275,0.8132803632236095,0.9489446662863662,1.216177930536967,3.544634031814133,6.328161301393512,-0.6111142632610382,756.0,1.3385192392251832,3.039417905595541,3.816056144476921,-0.9171209201385938,278.0,nan,nan,nan,nan,0.0,1.2499187268471068,2.5753501473099893,3.321790145519183,-0.9528878530482968,141.0,1.1104374966607362,9.047939854128241,12.612541943980904,-0.3406411234789581,3506.0,1.1104374966607364,1.4474181937657258,2.90706604835575,7.092643351017014,-0.3406411234789581,3506.0,1.0813684901114888,1.4111599773177221,2.686184736877525,7.092643351017014,-0.26628559850613903,2750.0,1.070037657701534,1.368642245743026,2.6439046999805096,6.127553095941555,-0.46466137360993315,2815.0,1.1104374966607364,1.4474181937657258,2.90706604835575,7.092643351017014,-0.3406411234789581,3506.0,1.2171757888656192,1.974701305183962,4.707928649951861,7.092643351017014,-0.8917863056373722,328.0,1.3272842923272736,1.4781362305919237,1.9146735474801004,6.461547745529591,1.119118170919539,363.0,0.7685982126457349,1.1860428245481551,3.008563198366754,4.477499347663769,-0.11881747841356695,378.0,0.8846149809118476,1.0217090149528243,1.5627126615775595,4.65662063176053,0.45465232529240723,378.0,0.9301509996436721,1.1586853970607733,2.0784192753423745,6.127553095941555,-0.5473954018979419,330.0,1.0333048977854953,1.2897046976500433,2.2299052191869517,4.194256845590335,-0.4762379411048869,207.0,1.230361819703869,1.7279622102173664,3.9492644700860318,4.6464120602723,-0.40022698678267243,271.0,4.707928649951861
gru_22d,101,E:\Matlab\Simulink\S-Function_16\results\modern_tcn_metric_rebuild\39_paper_final_frozen_benchmark\01_A1_algorithm_comparison\03_offline\raw\gru_22d_seed101_predictions.csv,nan,0.9269850083287062,0.538034425319267,0.5711361310133061,0.39344262295081966,0.37299534402483187,0.8902116402116402,0.5833333333333334,0.9490909090909091,0.005291005291005291,0.13541666666666666,0.40425531914893614,0.6270046559751681,0.4632183908045977,671,2931,0.9308363880481233,0.7229638750329078,0.03525818989450306,0.0694058856191005,0.6740546131444027,0.615392400522051,0.42476401998889507,0.5888395335924487,0.014117394573588076,0.8088671267874873,0.7115825688073395,0.8217934165720772,0.9543639475185397,1.038985636331386,2.9216468747277173,5.85628871795991,0.006176236089568217,756.0,1.008621890201916,2.776928645166587,4.246308543316238,-0.37525332332946426,278.0,nan,nan,nan,nan,0.0,0.9448235283959406,2.4267070882805273,3.7464531017399025,-0.46610472293746924,141.0,0.8088671267874873,8.832790816263568,10.502344754621722,-0.16812554635011293,3506.0,0.8088671267874874,1.0764179031304928,2.10651294263221,6.751517983935486,-0.16812554635011293,3506.0,0.745605456527419,1.0167230441670772,1.9651381226863032,6.751517983935486,-0.21604269090443984,2750.0,0.7864325398623933,1.01773312769166,2.0077415450281393,5.763645953048562,-0.10762021673077882,2815.0,0.8088671267874874,1.0764179031304928,2.10651294263221,6.751517983935486,-0.16812554635011293,3506.0,1.3447249737972402,1.6535594348905112,2.8040961494771275,6.751517983935486,-1.3083917304479888,328.0,0.49865221872947346,0.8294787406049158,1.4358634982178105,6.230982863986467,0.392989620332195,363.0,0.6856600375426994,0.8436329778079581,1.6141384364990394,2.330705577844825,-0.4638124937996209,378.0,0.4446925364993113,0.6841594854591189,1.090556603949048,5.445072589945943,0.1617697664450834,378.0,0.7276870780402767,0.9032258732222651,1.49784022920404,5.763645953048562,-0.05763302561407252,330.0,1.0692674282864942,1.368198911408563,2.624436102193076,3.7099956863844907,0.056243366014351016,207.0,1.0470033134136194,1.2488977297973314,1.9761542466500186,4.256288730354097,0.35921506127060504,271.0,2.8040961494771275
gru_22d,202,E:\Matlab\Simulink\S-Function_16\results\modern_tcn_metric_rebuild\39_paper_final_frozen_benchmark\01_A1_algorithm_comparison\03_offline\raw\gru_22d_seed202_predictions.csv,nan,0.9300388672959466,0.49056079955580234,0.5080177413851927,0.4143070044709389,0.4987066735644077,0.8915343915343915,0.6041666666666666,0.952,0.0026455026455026454,0.125,0.3854818523153942,0.5012933264355923,0.5632183908045977,671,2931,0.9211714153533432,0.7220506590622311,0.04525263742365353,0.09605774569683509,0.6777377730455398,0.6254692628942841,0.41921154913936703,0.582176568573015,0.011118542933359761,0.6370455844165205,0.7161697247706422,0.822360953461975,0.9726183685111238,0.6185321884163189,2.5994432127203844,6.24528805487282,0.028784143925985793,756.0,0.5774446019274015,1.79785963955841,5.28954779516258,0.12233516722773284,278.0,nan,nan,nan,nan,0.0,0.4361004961766531,1.7345530067077715,3.1271013662000793,0.15303820392146672,141.0,0.6370455844165205,9.462528281323223,12.09808355795907,-0.05067944579722998,3506.0,0.6370455844165206,0.9238838545757283,1.8130641102263745,6.855013065664339,-0.05067944579722998,3506.0,0.6421350852805761,0.9362727533217212,1.8307869783630206,6.855013065664339,-0.07252470900841221,2750.0,0.6312211959817556,0.8918744691185364,1.8166169611892051,6.213478583247606,-0.0077921846088816115,2815.0,0.6370455844165206,0.9238838545757283,1.8130641102263745,6.855013065664339,-0.05067944579722998,3506.0,0.7902137415789435,1.2088143745922362,2.3937780205842847,6.494339590456529,-0.552877318347587,328.0,0.5438127962473425,0.8690234450306762,1.4152716304646433,6.855013065664339,0.07051411329730563,363.0,0.48661222426758255,0.6860963826024714,1.3269726097333596,2.965524276760167,0.06683822552727534,378.0,0.5270729198784446,0.7272521760468772,1.3581299903918986,4.74590657213823,-0.17618527962429445,378.0,0.6355785175206923,0.8375162254463966,1.504454061459924,6.213478583247606,-0.35433778381043035,330.0,0.7101363141820501,0.9140099060796499,1.9124873533371751,3.0267833896523406,-0.12389252037259245,207.0,0.590710398786845,0.8445909043460876,1.7522866190521436,4.645288067267007,0.049436856220893555,271.0,2.3937780205842847
gru_22d,340,E:\Matlab\Simulink\S-Function_16\results\modern_tcn_metric_rebuild\39_paper_final_frozen_benchmark\01_A1_algorithm_comparison\03_offline\raw\gru_22d_seed340_predictions.csv,nan,0.9272626318711826,0.5235980011104941,0.5479358580689184,0.4172876304023845,0.40455250905328505,0.876984126984127,0.5,0.956,0.0026455026455026454,0.125,0.4530663329161452,0.5954474909467149,0.42873563218390803,671,2931,0.9284573951591685,0.7135112026803827,0.05358134369794559,0.09494725152692948,0.6487981077326866,0.5933556687177234,0.4875069405885619,0.6601887840088839,0.014153656599625067,0.8109447878360003,0.7224770642201835,0.8286038592508513,0.962065031374786,1.0630091246245148,3.435915349474102,5.1610680948932295,-0.023178323866413844,756.0,0.9716548370972069,3.332686388990787,3.8396843301369326,-0.20182918310302653,278.0,nan,nan,nan,nan,0.0,0.8481478959247304,2.638386390046857,3.8396843301369326,-0.23828935962766953,141.0,0.8109447878360003,9.098381441479038,12.288370066914734,-0.23214459755132752,3506.0,0.8109447878360003,1.0917757921673237,2.183000749351528,5.92195629107453,-0.23214459755132752,3506.0,0.7416500101588669,1.0217017816652478,2.022527613248573,5.92195629107453,-0.28959132588070746,2750.0,0.8118583490670509,1.0689251381809703,2.115760783980651,5.668943886102458,-0.22690067557440216,2815.0,0.8109447878360003,1.0917757921673237,2.183000749351528,5.92195629107453,-0.23214459755132752,3506.0,1.0267524233132932,1.4614937480978565,3.392623262637034,5.92195629107453,-0.8437662152446249,328.0,0.6088605473347342,0.849638257732476,1.4032574984693458,5.757690668422548,0.2798395628849168,363.0,0.5699863998886204,0.7871326479432927,1.6812985767020678,3.554534177572647,-0.2017414849396628,378.0,0.5080405971915384,0.7868135463091525,1.6230295925624358,5.668943886102458,-0.0008824558105110484,378.0,0.769139310320296,1.0030480783251396,1.8716585528799288,5.186957500055343,-0.5183519148223451,330.0,1.169018465041466,1.4240451780596122,2.8762371837880223,3.437821612582772,-0.3528428190246592,207.0,1.075749192765779,1.3003699021752997,2.3170627018645455,3.3890954699307194,0.41189728264847575,271.0,3.392623262637034
gru_22d,520,E:\Matlab\Simulink\S-Function_16\results\modern_tcn_metric_rebuild\39_paper_final_frozen_benchmark\01_A1_algorithm_comparison\03_offline\raw\gru_22d_seed520_predictions.csv,nan,0.9330927262631871,0.535258189894503,0.563971340839304,0.4098360655737705,0.3605794102431454,0.921957671957672,0.6145833333333334,0.9472727272727273,0.0026455026455026454,0.11458333333333333,0.38172715894868586,0.6394205897568547,0.44482758620689655,671,2931,0.9311925301183912,0.7490628088862087,0.04886174347584675,0.08772903942254304,0.6701057221821061,0.6120064289832443,0.4328151027207107,0.5880066629650195,0.01719223544780161,0.985042531554239,0.7161697247706422,0.8019296254256527,0.9409583571021106,1.2463993599583052,3.357280875663624,6.49166407729257,-0.3133044732968995,756.0,1.260710035727967,3.5315046793377323,4.088470555560059,-0.6661681688454594,278.0,nan,nan,nan,nan,0.0,1.1757879881157731,3.2081240583425354,3.6992616172169943,-0.7147508204902334,141.0,0.985042531554239,8.557583711583522,11.662332856837908,-0.3282718150154983,3506.0,0.9850425315542392,1.2701120334537168,2.3886405497257637,5.679593431678973,-0.3282718150154983,3506.0,0.9131931634547941,1.1898683504594127,2.219424475332476,5.679593431678973,-0.332386473320684,2750.0,0.9166660804994786,1.1912776475974085,2.2632472785402173,5.679593431678973,-0.33148806287120064,2815.0,0.9850425315542392,1.2701120334537168,2.3886405497257637,5.679593431678973,-0.3282718150154983,3506.0,1.67279972155992,1.9455950418151124,3.795074614431604,5.411761223755266,-1.5963423809592596,328.0,0.8938451524834062,1.0748151691217953,1.7968082173130684,5.242076272883698,0.8424744200901652,363.0,0.8892354689303997,1.087183084847037,1.8498812631076238,3.4617742322283584,-0.7983366078393231,378.0,0.559263345078755,0.8494654668218172,1.5589494194439553,5.679593431678973,0.47790594882170495,378.0,0.5172531126672072,0.7062380741554317,1.3269268047772216,4.689256182749351,0.06826879325667583,330.0,0.9269934543436776,1.1659841646941769,2.3063370957283156,3.8616643057728566,0.022888475605780282,207.0,1.4756932883651757,1.7131533994761943,3.108017924380771,4.891664089686757,-0.20812304547533136,271.0,3.795074614431604
tcn_22d,1,E:\Matlab\Simulink\S-Function_16\results\modern_tcn_metric_rebuild\39_paper_final_frozen_benchmark\01_A1_algorithm_comparison\03_offline\raw\tcn_22d_seed1_predictions.csv,nan,0.7257079400333148,0.5619100499722376,0.596042306380075,0.4128166915052161,0.32281427832384896,0.39814814814814814,0.5208333333333334,0.8229090909090909,0.0026455026455026454,0.2604166666666667,0.38423028785982477,0.6771857216761511,0.4689655172413793,671,2931,0.7124832924623817,0.621059561205732,0.3470294280955025,0.5141588006662965,0.6850745700943436,0.629034619583527,0.4106052193225986,0.5663520266518601,0.017479549089334395,1.0015043906106025,0.6192660550458715,0.9284903518728718,0.9503707929264119,0.9300044785455824,3.280154913164373,6.135295115365768,0.7287635893795854,756.0,0.7933669383981428,2.6393610687135878,3.7054745280407655,0.5541136097654988,278.0,nan,nan,nan,nan,0.0,0.699896715415491,2.6072915269635524,3.7054745280407655,0.5476346438693711,141.0,1.0015043906106025,9.540235130067035,15.861869545378388,0.7676280354376642,3506.0,1.0015043906106023,1.3548972850980745,2.6942845514925424,8.361869336671875,0.7676280354376642,3506.0,1.0211603664364768,1.394482772264161,2.8290201500887524,8.361869336671875,0.7783122249721761,2750.0,1.0002303879647692,1.3422558011804477,2.6783209266426606,8.361869336671875,0.8086835574891273,2815.0,1.0015043906106023,1.3548972850980745,2.6942845514925424,8.361869336671875,0.7676280354376642,3506.0,0.9675396796071889,1.5260818438877921,3.949229401333503,6.531561346668752,0.13733128965075603,328.0,1.0420739296109878,1.286284466676298,2.546957093618941,5.966197560762821,1.0187741457496124,363.0,0.9367604175633237,1.4489076124936262,2.5695006452387497,8.361869336671875,0.8776532953543529,378.0,1.1021292049833509,1.313540111446149,2.359116112551292,4.7422400412144015,1.0591140220108934,378.0,0.8838785596005692,1.1372191147680066,2.146144176140196,4.8726352893808205,0.7807753690305207,330.0,0.9922862824535762,1.2620357317556976,2.432314748294303,3.7860056600063907,0.7720345854485401,207.0,1.022598215637957,1.2807892600086679,2.34663667391876,4.391031714092367,0.8748728076321408,271.0,3.949229401333503
tcn_22d,7,E:\Matlab\Simulink\S-Function_16\results\modern_tcn_metric_rebuild\39_paper_final_frozen_benchmark\01_A1_algorithm_comparison\03_offline\raw\tcn_22d_seed7_predictions.csv,nan,0.7159911160466408,0.5424764019988895,0.5660184237461617,0.4396423248882265,0.3647180548370409,0.41798941798941797,0.53125,0.8043636363636364,0.0026455026455026454,0.25,0.41802252816020025,0.6352819451629591,0.45057471264367815,671,2931,0.6860718067099867,0.6031844723424444,0.4167129372570794,0.5657967795669073,0.6846178855370955,0.6301810100509969,0.39727928928373124,0.5735702387562466,0.016014087674605382,0.9175396365073591,0.5842889908256881,0.9256526674233825,0.9449515116942384,0.9233218572713355,3.0023289111853178,6.173816955397828,0.41620875050911077,756.0,0.8166195049100938,2.4553873514261864,4.021038659205467,0.315385567564088,278.0,nan,nan,nan,nan,0.0,0.6471123669232165,2.330013807747951,2.5811993505604565,0.37172841037421195,141.0,0.9175396365073591,9.14584848144626,15.548351909643731,0.418896868993709,3506.0,0.917539636507359,1.2197922016252216,2.2094647841982047,7.048352242292112,0.4188968689937089,3506.0,0.9159500514536988,1.220752598396048,2.1481749621351733,7.048352242292112,0.41963585720256574,2750.0,0.8926175714675911,1.1505203754074438,2.118158292437116,6.152666847746063,0.4588174180060103,2815.0,0.917539636507359,1.2197922016252216,2.2094647841982047,7.048352242292112,0.4188968689937089,3506.0,1.0602893139427794,1.6944312118961797,3.877597536280907,7.048352242292112,-0.3767762702378003,328.0,0.9818198538300286,1.2293759968407578,2.338791411916375,6.5818600336554836,0.8282755031488239,363.0,0.6441542699103041,1.0544664716899794,1.9276798711740684,6.152666847746063,0.3445533478890113,378.0,1.0461582124671258,1.2324273583012249,2.139693169190826,4.832884548906698,0.9215523316834695,378.0,0.8894257011306854,1.1390627777484235,1.9824987453370198,5.7577574762103625,0.5758536657852258,330.0,0.9831971983136198,1.2277693818310615,2.1567198649602286,4.493496931360411,0.5456600217228353,207.0,0.9870453198568427,1.3085969908095243,2.762299575247524,4.552661097168136,0.42075646902377983,271.0,3.877597536280907
tcn_22d,11,E:\Matlab\Simulink\S-Function_16\results\modern_tcn_metric_rebuild\39_paper_final_frozen_benchmark\01_A1_algorithm_comparison\03_offline\raw\tcn_22d_seed11_predictions.csv,nan,0.7406996113270405,0.5305385896724042,0.5571477311497782,0.4143070044709389,0.4066218313502328,0.291005291005291,0.5104166666666666,0.8723636363636363,0.0013227513227513227,0.17708333333333334,0.42052565707133915,0.5933781686497672,0.49195402298850577,671,2931,0.7340590718949752,0.6445058411004375,0.29733481399222655,0.4633536923931149,0.6799520445788102,0.6199674001851065,0.4172681843420322,0.5843975569128262,0.018392639184755543,1.0538205993934318,0.7224770642201835,0.9500567536889898,0.9512264689104393,0.9840942540898706,3.373225205229078,8.715343579051078,0.5853504582180388,756.0,0.8261467973714345,2.5050793041712156,4.018953317074496,0.2298615899167693,278.0,nan,nan,nan,nan,0.0,0.7955403541835978,2.4631256569350373,4.018953317074496,0.25967517654759464,141.0,1.0538205993934318,9.9647845343928,14.989770501583616,0.7518588095069282,3506.0,1.0538205993934318,1.3836303858197123,2.6498388030159625,8.766137988361137,0.7518588095069282,3506.0,1.0729890055932474,1.409642344964689,2.6786899916456206,8.766137988361137,0.7976334689885282,2750.0,1.0577275596479812,1.3768803927550795,2.6496480486390555,8.766137988361137,0.7639033404898701,2815.0,1.0538205993934318,1.3836303858197123,2.6498388030159625,8.766137988361137,0.7518588095069282,3506.0,1.2388004082270887,1.6368326582012778,3.556898682341598,6.489770834231997,0.5612663673964927,328.0,0.8563785321372451,1.1695656204532097,1.730132209456173,7.689512398325833,0.8306713888326621,363.0,1.087927376045371,1.4194452522356724,2.308624344654439,6.68060973473676,0.9823976557244318,378.0,0.8949100173097038,1.1398949944211094,2.4480799881652846,4.7331776608462635,0.8304302375818188,378.0,1.077867062637958,1.3652236680542849,2.2275902693080596,6.873226832303235,0.8317937909403504,330.0,1.1323292470477135,1.3753638660215055,2.20340417058467,4.787826004395536,0.7860974412276563,207.0,1.032894067467921,1.376812293881976,2.405910016031485,7.1153435914452645,0.7966835943979726,271.0,3.556898682341598
tcn_22d,21,E:\Matlab\Simulink\S-Function_16\results\modern_tcn_metric_rebuild\39_paper_final_frozen_benchmark\01_A1_algorithm_comparison\03_offline\raw\tcn_22d_seed21_predictions.csv,nan,0.7351471404775125,0.5205441421432537,0.5469123166154896,0.40536512667660207,0.4117951370926022,0.26851851851851855,0.4895833333333333,0.872,0.0,0.21875,0.3591989987484355,0.5882048629073978,0.5183908045977011,671,2931,0.725650600137164,0.6300035341455033,0.304553026096613,0.49389228206551916,0.6804198392443571,0.6221441511566782,0.4042198778456413,0.5841199333703498,0.015178913742209414,0.8696876950217259,0.724197247706422,0.9580022701475596,0.9729035938391329,0.622197266178897,2.863765877349473,5.553795861319325,0.030942869599375086,756.0,0.6191671983069007,2.0119503822998954,5.553795861319325,0.017201153928992345,278.0,nan,nan,nan,nan,0.0,0.5223595021653126,2.0675001827535655,4.054162942245913,0.03284484629183024,141.0,0.8696876950217259,9.973715433619416,17.369710644286844,0.020168673347339502,3506.0,0.8696876950217258,1.2998482318782505,2.858282316003222,9.86971043558033,0.0201686733473395,3506.0,0.937725063823609,1.3915765844636738,3.219639058256,9.86971043558033,0.01720674885041626,2750.0,0.8380633842628272,1.2687647055305338,3.0637421835815064,9.86971043558033,0.1741835843102845,2815.0,0.8696876950217258,1.2998482318782505,2.858282316003222,9.86971043558033,0.0201686733473395,3506.0,1.220334548813268,1.6937699930278685,2.8917900794810185,8.358480442265629,-0.8256587728707656,328.0,0.7980906337067772,1.1149945704085602,1.4741715106401745,6.950683738812118,-0.4099155470415079,363.0,1.0326136057205988,1.6003199171775186,3.215235010976121,9.86971043558033,-0.10503350899759863,378.0,0.7552600593213749,1.0001114985659463,1.8628384948169368,3.5837503117473855,-0.122615646326488,378.0,0.6658857994787625,0.8528942548266304,1.6134183024408282,3.927178039548591,0.2682593282409921,330.0,0.6007086179648058,0.8470172250232831,1.838778123601109,2.9588628146069715,0.09330466094601128,207.0,0.6417194397904542,0.8901771027371751,1.9368167326206818,3.7143559083958966,-0.002594746092090932,271.0,2.8917900794810185
tcn_22d,42,E:\Matlab\Simulink\S-Function_16\results\modern_tcn_metric_rebuild\39_paper_final_frozen_benchmark\01_A1_algorithm_comparison\03_offline\raw\tcn_22d_seed42_predictions.csv,nan,0.7484730705163798,0.5313714602998334,0.5537359263050153,0.4336810730253353,0.3942058975685463,0.328042328042328,0.5,0.8727272727272727,0.0013227513227513227,0.25,0.37546933667083854,0.6057941024314537,0.5091954022988506,671,2931,0.7317269933792387,0.6283027779666872,0.300388672959467,0.47917823431426987,0.6739174068739232,0.613754623958277,0.4494725152692948,0.6054969461410328,0.016919293449644407,0.969404107007964,0.7150229357798165,0.94211123723042,0.9563605248146035,1.0222591200918234,4.205713313984271,6.5720848590144225,-0.5890834778938983,756.0,0.9488684117175817,2.8687229938613092,5.04870337219688,-0.6551479371565777,278.0,nan,nan,nan,nan,0.0,0.7992226540909574,2.3402157624904234,3.056793533318087,-0.5838736900459262,141.0,0.969404107007964,9.925942102356604,13.342310090756364,-0.611580347944408,3506.0,0.9694041070079638,1.3541986911624695,2.937308765298826,6.966563074858754,-0.611580347944408,3506.0,0.954873783411092,1.334153049362313,2.7874050134311488,6.966563074858754,-0.6177649420382935,2750.0,0.9382331008784326,1.2867878658110365,2.773306318373317,6.111149009267592,-0.5754250446562602,2815.0,0.9694041070079638,1.3541986911624695,2.937308765298826,6.966563074858754,-0.611580347944408,3506.0,1.2750792274108451,1.890026670101815,4.277929501720365,6.966563074858754,-1.0532289097848446,328.0,0.9349273653068211,1.2820747787874058,2.5173855761639716,6.833574275798431,-0.49289288368124734,363.0,0.6320464563593817,0.8867633449385038,1.7328921394893733,3.9673401388376206,-0.3641164371453273,378.0,0.8357307935775082,1.103433608572921,2.527308731122208,4.317790314961857,-0.38747114532861604,378.0,0.9094263087235325,1.237394799299553,2.680674417731584,5.664363817377142,-0.4879386044453324,330.0,1.2959331770791194,1.7062939057017728,3.3323629475170713,5.156597415916354,-0.6909036424219749,207.0,0.8885029840463214,1.3096603452287134,3.139181516242599,5.036963771117502,-0.44353848257162254,271.0,4.277929501720365
tcn_22d,73,E:\Matlab\Simulink\S-Function_16\results\modern_tcn_metric_rebuild\39_paper_final_frozen_benchmark\01_A1_algorithm_comparison\03_offline\raw\tcn_22d_seed73_predictions.csv,nan,0.753470294280955,0.5521932259855635,0.5772773797338793,0.4426229508196721,0.35747542679772376,0.2777777777777778,0.5208333333333334,0.8923636363636364,0.0026455026455026454,0.19791666666666666,0.4117647058823529,0.6425245732022763,0.4804597701149425,671,2931,0.7576986959715808,0.6562749938300513,0.22515269294836202,0.4050527484730705,0.6777888815249589,0.6216690176002337,0.41837867851193783,0.5707940033314826,0.013464660523153834,0.7714682205531258,0.7591743119266054,0.9500567536889898,0.9680547632629778,0.6127444584917913,2.6909524863946284,6.965719759939656,0.012280829499250221,756.0,0.6479555174099988,1.7151924939959124,5.238119885806968,0.05508793970870226,278.0,nan,nan,nan,nan,0.0,0.5018123134802902,1.4201231138321189,3.18481561091304,0.06830293129064431,141.0,0.7714682205531258,9.801912056888082,15.795304229274711,0.0030848151394455617,3506.0,0.7714682205531258,1.1723190069466494,2.6514528620942066,8.295304020568198,0.0030848151394455583,3506.0,0.815102825687078,1.2403249184734246,2.9157933705925134,8.295304020568198,0.0005567471918047111,2750.0,0.7593550151478623,1.1576000276282825,2.662169578312344,8.295304020568198,0.09279919891933501,2815.0,0.7714682205531258,1.1723190069466494,2.6514528620942066,8.295304020568198,0.0030848151394455583,3506.0,0.9854238134818084,1.507035653629888,3.262235634400402,7.467784981155917,-0.621628301493065,328.0,0.6720776936528753,0.9110005496363711,1.502582194757015,5.999696650433971,-0.12815509694023858,363.0,0.7975124994392883,1.3868501514487483,2.759790227779467,8.295304020568198,0.042502110184267756,378.0,0.614403517020785,0.7848985858746579,1.6245433759259356,3.4920488322810286,-0.04241713203787691,378.0,0.5775807765408448,0.752721594921268,1.324297502111887,4.599967841133276,-0.08289015439204062,330.0,0.5473295990306692,0.7588120212605468,1.6782920394872027,3.1427813461003122,0.05577139217057879,207.0,0.6265902205921254,0.9200395196498888,1.8695780025535504,5.365719772333843,-0.06485172810662683,271.0,3.262235634400402
tcn_22d,101,E:\Matlab\Simulink\S-Function_16\results\modern_tcn_metric_rebuild\39_paper_final_frozen_benchmark\01_A1_algorithm_comparison\03_offline\raw\tcn_22d_seed101_predictions.csv,nan,0.7362576346474181,0.5430316490838423,0.5701125895598772,0.4247391952309985,0.3274702534919814,0.4894179894179894,0.53125,0.8112727272727273,0.003968253968253968,0.25,0.3617021276595745,0.6725297465080187,0.4218390804597701,671,2931,0.7176061255373638,0.6218552015934217,0.3550805108273182,0.529705719044975,0.6929961125842903,0.6415190564756821,0.3906163242642976,0.5494169905607995,0.015585666354833284,0.8929929030309933,0.6003440366972477,0.8893303064699205,0.950656018254421,0.9266455559380595,3.1432636214887433,6.741416347596474,0.41642569202102986,756.0,0.7938119583019791,2.352110142059687,3.7604652348221883,0.2791898612794601,278.0,nan,nan,nan,nan,0.0,0.7309074999482119,2.2530988340610225,3.066369458534445,0.3602692680717252,141.0,0.8929929030309933,9.41838370150034,14.409762790097218,0.4744037914207887,3506.0,0.8929929030309933,1.18361129125857,2.1428855275717367,7.806780263031325,0.47440379142078876,3506.0,0.8837414828136326,1.1836223063451483,2.0309566109650636,7.806780263031325,0.4903424980194133,2750.0,0.855434274469287,1.1038137953218998,2.031965904817071,6.152220324129052,0.48060886244117296,2815.0,0.8929929030309933,1.18361129125857,2.1428855275717367,7.806780263031325,0.47440379142078876,3506.0,1.1212757587333857,1.6458368640003749,3.9583113331181408,5.98147434605861,-0.043685876916558876,328.0,0.9779812301131381,1.2785486346155766,2.0611033690863887,7.806780263031325,0.894420695807203,363.0,0.7849851464876496,1.081576006748433,1.6322833462933632,5.55468549345871,0.6275529180448431,378.0,1.0839366804812274,1.2524672426755128,2.0655414339099907,4.718451986439133,0.984406504366954,378.0,0.8429858167524564,1.0778452018163014,1.944385606749431,6.152220324129052,0.5913843205938804,330.0,1.0575614333953771,1.3053773931598034,2.1915605371865,3.707018150793189,0.456860306338913,207.0,0.9629118050493713,1.2232259138666897,2.1993542099163097,4.969443722633964,0.5263208794097921,271.0,3.9583113331181408
tcn_22d,202,E:\Matlab\Simulink\S-Function_16\results\modern_tcn_metric_rebuild\39_paper_final_frozen_benchmark\01_A1_algorithm_comparison\03_offline\raw\tcn_22d_seed202_predictions.csv,nan,0.7312604108828429,0.5330372015546918,0.5609007164790174,0.4113263785394933,0.3859286083807553,0.3055555555555556,0.4583333333333333,0.8578181818181818,0.0,0.22916666666666666,0.3967459324155194,0.6140713916192447,0.4781609195402299,671,2931,0.7169882116364313,0.6282630598731523,0.3553581343697946,0.5102720710716269,0.6832220391773062,0.6280188382344578,0.4133814547473626,0.5705163797890062,0.015364305206619123,0.880309843490152,0.6875,0.9562996594778661,0.9626354820308043,0.7567860332716831,2.905585844976992,7.435871562589249,-0.15864975026531208,756.0,0.7387590469700578,2.9648853552519685,5.697035600385069,-0.1909262201180362,278.0,nan,nan,nan,nan,0.0,0.5781527599468393,1.812959096067875,4.084317373657873,-0.15528849286913987,141.0,0.880309843490152,10.078710382201326,16.574603200363818,-0.24836275223728607,3506.0,0.8803098434901522,1.2469452803594527,2.262214014993096,9.074602991657303,-0.2483627522372861,3506.0,0.9142676618629385,1.2749194297415878,2.161600926248445,9.074602991657303,-0.27302567205212697,2750.0,0.8243336850840536,1.1811027366091325,2.1588383175004187,9.074602991657303,-0.13209086211927687,2815.0,0.8803098434901522,1.2469452803594527,2.262214014993096,9.074602991657303,-0.2483627522372861,3506.0,1.3949233056136134,1.8294947572889275,3.9348416718798904,7.304976643396376,-0.939424955408991,328.0,0.8493998444176241,1.0840885324463048,1.5811263820044192,5.980157400209269,-0.5255995787989303,363.0,1.0172346595191202,1.4780311343141392,1.9150157826462075,9.074602991657303,-0.3499901615283875,378.0,0.7128576255163098,0.9710508935061709,1.7196725858272375,4.352788417712389,-0.23589184974932856,378.0,0.6157398117682016,0.864176170087838,1.4546718381600579,5.332828676220543,-0.021244971686689252,330.0,0.6222793631378689,0.9349268058072031,2.0529011016338248,4.207072308185692,0.09517542888095522,207.0,0.8780199185467805,1.2695821477449674,2.9716975404702186,5.9007504746923285,-0.319420796258744,271.0,3.9348416718798904
tcn_22d,340,E:\Matlab\Simulink\S-Function_16\results\modern_tcn_metric_rebuild\39_paper_final_frozen_benchmark\01_A1_algorithm_comparison\03_offline\raw\tcn_22d_seed340_predictions.csv,nan,0.8709050527484731,0.5277623542476402,0.5537359263050153,0.4143070044709389,0.371960682876358,0.5714285714285714,0.5520833333333334,0.9643636363636363,0.006613756613756613,0.14583333333333334,0.3667083854818523,0.628039317123642,0.4528735632183908,671,2931,0.9080911522015139,0.7108794724093166,0.06440866185452526,0.10272071071626875,0.6748982859319388,0.6180960040424438,0.4175458078845086,0.5827318156579678,0.016842661197090082,0.9650134023620205,0.8027522935779816,0.8916004540295119,0.9697661152310325,0.7897030957085933,3.7313060900383417,6.057332347971469,0.160206826177214,756.0,0.7198824548260206,1.8617687484546943,5.207325551047143,0.21747642873526937,278.0,nan,nan,nan,nan,0.0,0.6585491209655564,1.7856630988235653,4.7667006561795136,0.22558810602738014,141.0,0.9650134023620205,9.628120668221472,13.371622701353099,0.07423258588038817,3506.0,0.9650134023620206,1.4477554180726582,3.658115890646154,7.024725337292586,0.07423258588038817,3506.0,1.0132077993911082,1.5231834400797692,3.8975488603559643,7.024725337292586,0.05059748563878806,2750.0,0.9911780843651192,1.4647905312085674,3.720221589477736,5.940598972248963,0.2012772355465304,2815.0,0.9650134023620206,1.4477554180726582,3.658115890646154,7.024725337292586,0.07423258588038817,3506.0,1.1203615519690098,1.712633285943188,3.758740697434117,7.024725337292586,-0.9011178261087631,328.0,0.621741300682089,0.9771554571040957,1.728309274655385,6.624103259568131,-0.02966756199219769,363.0,0.8437038242741822,1.3586557231091478,3.6393703777721385,5.871622492646585,0.028021765827455167,378.0,0.80479403785432,1.042707254175918,2.115507021108642,4.054440845567768,0.11402425877321219,378.0,0.8312912093016933,1.01314777555525,1.7852130000294326,4.430623866111679,0.12802590146601533,330.0,0.8954596520379394,1.1430914749753214,2.2743947769237427,3.378316684368503,-0.0690832959785555,207.0,0.7805463835505877,1.2189641087156973,2.929594706961524,4.4573323603656565,0.2765983604026933,271.0,3.758740697434117
tcn_22d,520,E:\Matlab\Simulink\S-Function_16\results\modern_tcn_metric_rebuild\39_paper_final_frozen_benchmark\01_A1_algorithm_comparison\03_offline\raw\tcn_22d_seed520_predictions.csv,nan,0.7373681288173237,0.5355358134369794,0.5574889116342545,0.4396423248882265,0.38954992240041386,0.421957671957672,0.5208333333333334,0.8316363636363636,0.0026455026455026454,0.25,0.4005006257822278,0.6104500775995861,0.49310344827586206,671,2931,0.7090868082715543,0.6143552440659557,0.3622987229317046,0.531093836757357,0.6705773705661713,0.6198341571749574,0.4491948917268184,0.6010549694614103,0.01452027534165766,0.8319504944448634,0.6295871559633027,0.9216799091940976,0.95750142612664,0.7764859170623303,2.9062612866528794,6.966966269463183,0.47882916245983376,756.0,0.8283566681854644,2.022758366920819,4.313766479767046,0.5144929617910818,278.0,nan,nan,nan,nan,0.0,0.723238480914489,2.0202013361946367,3.3536937456889,0.5683264409151321,141.0,0.8319504944448634,9.58229052577749,15.126058388734764,0.446718467351501,3506.0,0.8319504944448632,1.1607063071242438,2.294114120026953,7.6260581800282505,0.44671846735150106,3506.0,0.8471982109907524,1.1980763824868292,2.402656562142055,7.6260581800282505,0.4378909453508103,2750.0,0.8291069485212035,1.1226327352917682,2.2852634381704973,7.6260581800282505,0.5551362277305727,2815.0,0.8319504944448632,1.1607063071242438,2.294114120026953,7.6260581800282505,0.44671846735150106,3506.0,1.1176635133669846,1.600641512205319,3.8138631841778396,6.49833055536593,-0.4159843841988759,328.0,0.5958367522097295,0.9611036488262388,1.5260832962098103,7.298412831603995,0.3854802850965061,363.0,0.7654078694557824,1.230778167380911,2.0366545788862975,7.6260581800282505,0.27942368605143686,378.0,0.7568030118163144,1.0485213716186068,2.4027893452883875,4.005842768962658,0.5361946143637281,378.0,0.8793619260550445,1.042817042448862,1.7358855926230976,5.945781911890236,0.7087126559603879,330.0,0.8025558415808479,0.9835418567747817,1.5079535315595392,3.8324827494308003,0.5496084950886325,207.0,0.7033621414624613,0.9855528585505544,1.8285111700037284,5.366966281857369,0.38818023969876986,271.0,3.8138631841778396
