candidate_id,Kmax,p_help_threshold,slope_entry_deg,slope_exit_deg,innovation_min_deg,innovation_max_deg,quality_intercept,quality_slope,quality_floor,correction_limit_deg,correction_rate_limit_deg_s,sample_count,baseline_mae_deg,fused_mae_deg,mae_ratio,active_fraction,active_improve_fraction,active_degrade_fraction,fallback_fraction,gate_fraction,nonfinite_count,fallback_identity_max_abs,fold_mae_ratios,worst_fold_mae_ratio,near_flat_baseline_mae_deg,near_flat_fused_mae_deg,near_flat_mae_ratio,near_flat_mae_delta_deg,slope_baseline_mae_deg,slope_fused_mae_deg,slope_mae_ratio,slope_mae_delta_deg,transition_baseline_mae_deg,transition_fused_mae_deg,transition_mae_ratio,transition_mae_delta_deg,K_raw_p95_p05,K_eff_p95_p05,cap_fraction,acceptance_failures,development_accepted
V7C01,0.7,0.6,0.5,0.3,0.25,2.0,1.0,0.5,0.5,0.5,5.0,4787860,0.8539081655712161,0.8040916980775652,0.9416606263973053,0.23812976987631218,0.7488711833366662,0.044661495335627806,0.7585908944705986,0.24140910552940145,0,0.0,"[0.9388779182826671, 0.9510290793890374, 0.9355265048519469]",0.9510290793890374,0.6872141643299762,0.648585475343272,0.9437894458645704,-0.03862868898670413,0.8545848387841777,0.8018989436293863,0.9383491342653025,-0.052685895154791385,0.9131007671493416,0.8889162011422396,0.9735138038678851,-0.02418456600710206,0.40573500177762545,0.3914445571894555,0.41234676635811573,[],True
V7C02,0.7,0.6,0.5,0.3,0.5,2.0,1.0,0.5,0.5,0.5,5.0,4787860,0.8539081655712161,0.8148480206465548,0.954257206454359,0.1692104614587728,0.7544830872078958,0.043283022035262346,0.8285449031508858,0.17145509684911422,0,0.0,"[0.9512066095883501, 0.9618170724284666, 0.9497923515925961]",0.9618170724284666,0.6872141643299762,0.6539197790078258,0.9515516602388254,-0.033294385322150344,0.8545848387841777,0.8134355271349234,0.951848769388657,-0.04114931164925428,0.9131007671493416,0.8936489811212877,0.9786969995778434,-0.019451786028053974,0.418300526182651,0.38926501817130077,0.4088424576350677,[],True
V7C03,0.7,0.6,0.8,0.48,0.25,2.0,1.0,0.5,0.5,0.5,5.0,4787860,0.8539081655712161,0.8048634561078581,0.9425644215141685,0.23422907102546858,0.7496245951691373,0.043546960380077326,0.7634454641530872,0.23655453584691283,0,0.0,"[0.9402217107635541, 0.9523353304537225, 0.935829663381434]",0.9523353304537225,0.6872141643299762,0.6609365350850925,0.9617620959973898,-0.026277629244883638,0.8545848387841777,0.8021444509800438,0.9386364168609157,-0.05244038780413385,0.9131007671493416,0.8906002052504254,0.9753580736010529,-0.02250056189891625,0.4014160268164173,0.39115946846683325,0.40562780882755456,[],True
V7C04,0.7,0.6,0.8,0.48,0.5,2.0,1.0,0.5,0.5,0.5,5.0,4787860,0.8539081655712161,0.8154673968816912,0.954982549366055,0.16642445685546362,0.7552123009423745,0.042243074633196834,0.8320276699819962,0.16797233001800388,0,0.0,"[0.9522479414061568, 0.9628823605956617, 0.9500438899341805]",0.9628823605956617,0.6872141643299762,0.6641470113963374,0.966433822044211,-0.023067152933638813,0.8545848387841777,0.813660095067089,0.9521115495387065,-0.04092474371708865,0.9131007671493416,0.8945866186143203,0.9797238714486883,-0.018514148535021313,0.4017196383794064,0.3889316436111642,0.40208746773303095,[],True
V7C05,0.7,0.6,1.0,0.6,0.25,2.0,1.0,0.5,0.5,0.5,5.0,4787860,0.8539081655712161,0.8056819548675409,0.9435229540504341,0.23148275012218403,0.7483639460907492,0.04358539646505887,0.766796648189379,0.23320335181062102,0,0.0,"[0.9423983059991675, 0.9533082852844439, 0.9360422866745461]",0.9533082852844439,0.6872141643299762,0.6692097315526724,0.9738008415544551,-0.01800443277730379,0.8545848387841777,0.8025929413910468,0.9391612218780993,-0.051991897393130926,0.9131007671493416,0.8923331916209951,0.977255987208091,-0.020767575528346516,0.4012881568559383,0.3905741578567822,0.4012825277978048,[],True
V7C06,0.7,0.6,1.0,0.6,0.5,2.0,1.0,0.5,0.5,0.5,5.0,4787860,0.8539081655712161,0.8161801392728163,0.9558172320870573,0.16431035995204538,0.7534559136641265,0.042403981212541075,0.8346311295651919,0.16536887043480802,0,0.0,"[0.9542369232446936, 0.9636739748035199, 0.9502190125796619]",0.9636739748035199,0.6872141643299762,0.670978538380662,0.9763747216049546,-0.01623562594931416,0.8545848387841777,0.8140938392424825,0.9526190991179975,-0.040490999541695216,0.9131007671493416,0.8957910015203039,0.9810428747277499,-0.017309765629037743,0.4013141877847757,0.3880736228588422,0.3970140054536522,[],True
V7C07,0.7,0.65,0.5,0.3,0.25,2.0,1.0,0.5,0.5,0.5,5.0,4787860,0.8539081655712161,0.8096659515354079,0.948188557248176,0.2067823620573701,0.7498325833674226,0.03979718093622007,0.7904675575309219,0.20953244246907804,0,0.0,"[0.945499246984477, 0.955970265054089, 0.9433210715827389]",0.955970265054089,0.6872141643299762,0.6536983875373213,0.9512295023410464,-0.03351577679265483,0.8545848387841777,0.8078727226888058,0.9453394046144916,-0.04671211609537185,0.9131007671493416,0.8904856060693254,0.9752325680870692,-0.022615161080016266,0.4171383550919602,0.3935797817931269,0.43406179351921625,[],True
V7C08,0.7,0.65,0.5,0.3,0.5,2.0,1.0,0.5,0.5,0.5,5.0,4787860,0.8539081655712161,0.818788185766644,0.9588714791349034,0.15028593150175654,0.7539316348596619,0.03991950502259752,0.8478520675207712,0.15214793247922873,0,0.0,"[0.9562237846287394, 0.9655418437636499, 0.9549054738779855]",0.9655418437636499,0.6872141643299762,0.658032427178438,0.9575361820721638,-0.029181737151538156,0.8545848387841777,0.8176454933010574,0.9567750984961609,-0.03693934548312028,0.9131007671493416,0.8946921827832669,0.9798394820940239,-0.01840858436607473,0.43911052452829724,0.391708134040247,0.4328291210397783,[],True
V7C09,0.7,0.65,0.8,0.48,0.25,2.0,1.0,0.5,0.5,0.5,5.0,4787860,0.8539081655712161,0.8103488572337437,0.948988298632402,0.20344830467056263,0.7506359834182338,0.038857098273040666,0.7946700613635319,0.20532993863646806,0,0.0,"[0.9466935535937627, 0.9571335024498944, 0.9435800311785557]",0.9571335024498944,0.6872141643299762,0.6640213712747329,0.9662509967648064,-0.023192793055243244,0.8545848387841777,0.8080970282697953,0.9456018777719942,-0.04648781051438233,0.9131007671493416,0.892142701504338,0.9770473682653518,-0.020958065645003576,0.401660347097074,0.39332214402993165,0.42726461741588523,[],True
V7C10,0.7,0.65,0.8,0.48,0.5,2.0,1.0,0.5,0.5,0.5,5.0,4787860,0.8539081655712161,0.8193419976080079,0.9595200404951212,0.14787002961657192,0.7546388956765789,0.03911969389009027,0.8508820224484425,0.14911797755155748,0,0.0,"[0.9571593330219804, 0.9665003909865117, 0.955122682228466]",0.9665003909865117,0.6872141643299762,0.6666101704174667,0.9700180890005403,-0.020603993912509444,0.8545848387841777,0.8178533071386636,0.9570182736944266,-0.036731531645514126,0.9131007671493416,0.8956824200450081,0.980923959620894,-0.017418347104333542,0.40279741221910875,0.3913038026555857,0.42603465759794723,[],True
V7C11,0.7,0.65,1.0,0.6,0.25,2.0,1.0,0.5,0.5,0.5,5.0,4787860,0.8539081655712161,0.8111048726851057,0.9498736578335946,0.2009852000685066,0.749298807322956,0.038953994070388416,0.7976812187490863,0.20231878125091377,0,0.0,"[0.9487617492275029, 0.958006093670911, 0.9437633742240966]",0.958006093670911,0.6872141643299762,0.6712423704522468,0.9767586369624647,-0.0159717938777294,0.8545848387841777,0.8085316157799192,0.9461104141868715,-0.046053223004258514,0.9131007671493416,0.893697489299922,0.9787501242497082,-0.019403277849419642,0.40132064502786907,0.3927784984460537,0.42268709596830306,[],True
V7C12,0.7,0.65,1.0,0.6,0.5,2.0,1.0,0.5,0.5,0.5,5.0,4787860,0.8539081655712161,0.8200066941110354,0.9602984573434751,0.14593221188589475,0.7528077022712082,0.03933144698104917,0.8532500950320184,0.14674990496798151,0,0.0,"[0.9590628455645855, 0.9672151366744125, 0.9552763110485016]",0.9672151366744125,0.6872141643299762,0.6726575622728581,0.9788179539760934,-0.014556602057118062,0.8545848387841777,0.8182762788633218,0.9575132177953072,-0.03630855992085591,0.9131007671493416,0.8967407203669352,0.9820829777271114,-0.016360046782406434,0.4013777704646053,0.3904437728496233,0.4207122504689604,[],True
V7C13,0.9,0.6,0.5,0.3,0.25,2.0,1.0,0.5,0.5,0.5,5.0,4787860,0.8539081655712161,0.8028487993212607,0.9402050849158943,0.23813436483105188,0.7466447514984818,0.0458087240846412,0.7585908944705986,0.24140910552940145,0,0.0,"[0.9376166445159734, 0.9495107185461917, 0.934006290751564]",0.9495107185461917,0.6872141643299762,0.6473123820871225,0.9419369036408652,-0.03990178224285368,0.8545848387841777,0.8006108227699658,0.9368418282601397,-0.05397401601421192,0.9131007671493416,0.8881593811220598,0.9726849577564723,-0.024941386027281798,0.40573500177762545,0.5191298244648268,0.023285370810489057,[],True
V7C14,0.9,0.6,0.5,0.3,0.5,2.0,1.0,0.5,0.5,0.5,5.0,4787860,0.8539081655712161,0.8142494146992707,0.9535561873384641,0.1692104614587728,0.7536412740262369,0.04389031248302796,0.8285449031508858,0.17145509684911422,0,0.0,"[0.9504743532703332, 0.9611424876105832, 0.9490881140280406]",0.9611424876105832,0.6872141643299762,0.6533035225821486,0.9506549144241083,-0.03391064174782754,0.8545848387841777,0.8128038047698557,0.9511095538814331,-0.04178103401432198,0.9131007671493416,0.8934045595707948,0.9784293165802089,-0.019696207578546843,0.418300526182651,0.5182714102963663,0.0253696234512482,[],True
V7C15,0.9,0.6,0.8,0.48,0.25,2.0,1.0,0.5,0.5,0.5,5.0,4787860,0.8539081655712161,0.8036514719095107,0.9411450836424706,0.23423366598020828,0.7474225976791341,0.04468924044876493,0.7634454641530872,0.23655453584691283,0,0.0,"[0.9390070474140447, 0.9508822566814065, 0.9343151351776856]",0.9508822566814065,0.6872141643299762,0.6600965921141427,0.9605398526058136,-0.02711757221583344,0.8545848387841777,0.8008597842861566,0.9371331527780717,-0.05372505449802112,0.9131007671493416,0.8900022221876365,0.9747031808616066,-0.02309854496170516,0.4014160268164173,0.5163625429936335,0.015599643295455549,[],True
V7C16,0.9,0.6,0.8,0.48,0.5,2.0,1.0,0.5,0.5,0.5,5.0,4787860,0.8539081655712161,0.8148809273381785,0.954295743024157,0.16642445685546362,0.7543953003010729,0.04285174638593303,0.8320276699819962,0.16797233001800388,0,0.0,"[0.9515324510805795, 0.9622332359215905, 0.9493429496175826]",0.9622332359215905,0.6872141643299762,0.6637013703326554,0.9657853472501613,-0.023512793997320758,0.8545848387841777,0.813030913379112,0.9513753070272291,-0.04155392540506564,0.9131007671493416,0.89439190771457,0.9795106300335505,-0.01870885943477163,0.4017196383794064,0.5152853781371227,0.017243866167305787,[],True
V7C17,0.9,0.6,1.0,0.6,0.25,2.0,1.0,0.5,0.5,0.5,5.0,4787860,0.8539081655712161,0.8044929927245849,0.9421305769882465,0.23148734507692373,0.7461782557345337,0.044697016860517046,0.766796648189379,0.23320335181062102,0,0.0,"[0.9412199988948107, 0.9519039811796781, 0.9345308759348236]",0.9519039811796781,0.6872141643299762,0.6687188449009314,0.9730865276226117,-0.01849531942904481,0.8545848387841777,0.8013172057122622,0.9376684085014898,-0.05326763307191551,0.9131007671493416,0.8917763012849457,0.976646097964664,-0.02132446586439596,0.4012881568559383,0.5142801519424907,0.01209534770206306,[],True
V7C18,0.9,0.6,1.0,0.6,0.5,2.0,1.0,0.5,0.5,0.5,5.0,4787860,0.8539081655712161,0.8156062559503574,0.955145165293932,0.16431035995204538,0.75264365478362,0.043007773025124096,0.8346311295651919,0.16536887043480802,0,0.0,"[0.9535542451818917, 0.9630430465675454, 0.949519040875157]",0.9630430465675454,0.6872141643299762,0.6706846226767224,0.9759470300363062,-0.01652954165325382,0.8545848387841777,0.8134725188698596,0.9518920555941424,-0.041112319914318074,0.9131007671493416,0.895603079884226,0.9808370687062913,-0.01749768726511558,0.4013141877847757,0.5123954714528298,0.013649286465773217,[],True
V7C19,0.9,0.65,0.5,0.3,0.25,2.0,1.0,0.5,0.5,0.5,5.0,4787860,0.8539081655712161,0.8085433120596515,0.9468738497409519,0.20678486839631902,0.7478690620843043,0.040764319630081904,0.7904675575309219,0.20953244246907804,0,0.0,"[0.9443167509778768, 0.954608326479024, 0.941966084098526]",0.954608326479024,0.6872141643299762,0.6526081370506218,0.9496430238554604,-0.03460602727935436,0.8545848387841777,0.806705870526217,0.943974002246426,-0.047878968257960675,0.9131007671493416,0.8898135769450674,0.9744965823684764,-0.023287190204274277,0.4171383550919602,0.5220422455513789,0.02475149818782072,[],True
V7C20,0.9,0.65,0.5,0.3,0.5,2.0,1.0,0.5,0.5,0.5,5.0,4787860,0.8539081655712161,0.8182262262045413,0.9582133760920233,0.15028593150175654,0.7531311323219577,0.040464291471868453,0.8478520675207712,0.15214793247922873,0,0.0,"[0.955533545081936, 0.9649138872019821, 0.9542415992795399]",0.9649138872019821,0.6872141643299762,0.657463780355543,0.9567087153923269,-0.029750383974433192,0.8545848387841777,0.8170521076384666,0.9560807430200738,-0.037532731145711096,0.9131007671493416,0.8944623281522707,0.9795877523405666,-0.01863843899707096,0.43911052452829724,0.5214411346779424,0.02684830938565171,[],True
V7C21,0.9,0.65,0.8,0.48,0.25,2.0,1.0,0.5,0.5,0.5,5.0,4787860,0.8539081655712161,0.8092517588150965,0.947703501902635,0.20345081100951157,0.748709056826138,0.03981853907323112,0.7946700613635319,0.20532993863646806,0,0.0,"[0.9455512276090072, 0.9558252567646869, 0.9422289455295443]",0.9558252567646869,0.6872141643299762,0.663282533302606,0.9651758763576953,-0.02393163102737017,0.8545848387841777,0.8069327960179598,0.9442395411156455,-0.04765204276621793,0.9131007671493416,0.8916069165123529,0.9764605929484743,-0.02149385063698872,0.401660347097074,0.5188116293437683,0.01680515842378783,[],True
V7C22,0.9,0.65,0.8,0.48,0.5,2.0,1.0,0.5,0.5,0.5,5.0,4787860,0.8539081655712161,0.8187903735387921,0.9588740412044987,0.14787002961657192,0.7538691010069479,0.039664906261608714,0.8508820224484425,0.14911797755155748,0,0.0,"[0.9564819934941883, 0.9658961133107743, 0.9544607811581327]",0.9658961133107743,0.6872141643299762,0.66618235807229,0.969395557674234,-0.021031806257686192,0.8545848387841777,0.81726180446186,0.956326121610796,-0.03732303432231765,0.9131007671493416,0.8954996168755883,0.980723759187386,-0.017601150273753308,0.40279741221910875,0.5179434294818865,0.018543159522435557,[],True
V7C23,0.9,0.65,1.0,0.6,0.25,2.0,1.0,0.5,0.5,0.5,5.0,4787860,0.8539081655712161,0.8100290597198164,0.9486137882028016,0.20098770640745553,0.7473919283051769,0.0398866882607417,0.7976812187490863,0.20231878125091377,0,0.0,"[0.947656871171632, 0.9567403538246942, 0.9424150160255832]",0.9567403538246942,0.6872141643299762,0.6708082019491695,0.9761268564701336,-0.016405962380806716,0.8545848387841777,0.8073757413451956,0.9447578575040639,-0.04720909743898205,0.9131007671493416,0.8932058242289518,0.9782116677193242,-0.019894942920389846,0.40132064502786907,0.5166971237947682,0.013047733293140932,[],True
V7C24,0.9,0.65,1.0,0.6,0.5,2.0,1.0,0.5,0.5,0.5,5.0,4787860,0.8539081655712161,0.8194673350557264,0.9596668214403938,0.14593221188589475,0.7520405665926724,0.03987101815792977,0.8532500950320184,0.14674990496798151,0,0.0,"[0.9584186459540309, 0.9666277790944804, 0.9546153288817346]",0.9666277790944804,0.6872141643299762,0.6723790431528703,0.9784126667535006,-0.014835121177105837,0.8545848387841777,0.8176923333545785,0.9568299087986555,-0.03689250542959921,0.9131007671493416,0.8965650458280424,0.9818905843514698,-0.016535721321299213,0.4013777704646053,0.5152607483061897,0.014690770802911398,[],True
V7C25,1.0,0.6,0.5,0.3,0.25,2.0,1.0,0.5,0.5,0.5,5.0,4787860,0.8539081655712161,0.8028448721365635,0.9402004858444067,0.23813436483105188,0.7466447514984818,0.045811355308142586,0.7585908944705986,0.24140910552940145,0,0.0,"[0.9376166445159734, 0.9494972795989597, 0.934006290751564]",0.9494972795989597,0.6872141643299762,0.6472661064553915,0.9418695656345596,-0.039948057874584664,0.8545848387841777,0.8006101554221354,0.9368410473571795,-0.05397468336204225,0.9131007671493416,0.8881381204219237,0.97266167368871,-0.02496264672741788,0.40573500177762545,0.5215561983698597,0.0,[],True
V7C26,1.0,0.6,0.5,0.3,0.5,2.0,1.0,0.5,0.5,0.5,5.0,4787860,0.8539081655712161,0.8142485222967489,0.9535551422582579,0.1692104614587728,0.7536412740262369,0.04389031248302796,0.8285449031508858,0.17145509684911422,0,0.0,"[0.9504743532703332, 0.9611394337816133, 0.9490881140280406]",0.9611394337816133,0.6872141643299762,0.6532909177806335,0.9506365725415201,-0.033923246549342645,0.8545848387841777,0.8128034951340053,0.951109191558307,-0.04178134365017239,0.9131007671493416,0.8934022153808928,0.97842674929521,-0.019698551768448813,0.418300526182651,0.5212808723765949,0.0,[],True
V7C27,1.0,0.6,0.8,0.48,0.25,2.0,1.0,0.5,0.5,0.5,5.0,4787860,0.8539081655712161,0.803648710851392,0.9411418502056327,0.23423366598020828,0.7474225976791341,0.044691915490094325,0.7634454641530872,0.23655453584691283,0,0.0,"[0.9390070474140447, 0.9508728082553152, 0.9343151351776856]",0.9508728082553152,0.6872141643299762,0.6600648141318988,0.9604936108606731,-0.027149350198077404,0.8545848387841777,0.8008592681883078,0.9371325488616138,-0.05372557059586991,0.9131007671493416,0.889987465442373,0.9746870197260623,-0.02311330170696868,0.4014160268164173,0.5177036332481685,0.0,[],True
V7C28,1.0,0.6,0.8,0.48,0.5,2.0,1.0,0.5,0.5,0.5,5.0,4787860,0.8539081655712161,0.8148803070539868,0.95429501661795,0.16642445685546362,0.7543953003010729,0.04285174638593303,0.8320276699819962,0.16797233001800388,0,0.0,"[0.9515324510805795, 0.9622311132899438, 0.9493429496175826]",0.9622311132899438,0.6872141643299762,0.6636924776920641,0.9657724071202092,-0.023521686637912098,0.8545848387841777,0.8130307116646028,0.9513750709892138,-0.041554127119574846,0.9131007671493416,0.8943901890092301,0.979508747760091,-0.018710578140111567,0.4017196383794064,0.5169104564817861,0.0,[],True
V7C29,1.0,0.6,1.0,0.6,0.25,2.0,1.0,0.5,0.5,0.5,5.0,4787860,0.8539081655712161,0.8044911695287472,0.942128441868908,0.23148734507692373,0.7461782557345337,0.04469972363801723,0.766796648189379,0.23320335181062102,0,0.0,"[0.9412199988948107, 0.9518977421472554, 0.9345308759348236]",0.9518977421472554,0.6872141643299762,0.6687004864067464,0.9730598132515497,-0.018513677923229777,0.8545848387841777,0.8013167942575676,0.9376679270341436,-0.05326804452661005,0.9131007671493416,0.8917662538445678,0.976635094315626,-0.021334513304773872,0.4012881568559383,0.5152374867751222,0.0,[],True
V7C30,1.0,0.6,1.0,0.6,0.5,2.0,1.0,0.5,0.5,0.5,5.0,4787860,0.8539081655712161,0.8156058536790578,0.9551446941995968,0.16431035995204538,0.75264365478362,0.043007773025124096,0.8346311295651919,0.16536887043480802,0,0.0,"[0.9535542451818917, 0.9630416699827442, 0.949519040875157]",0.9630416699827442,0.6872141643299762,0.6706797328764346,0.9759399146412204,-0.01653443145354161,0.8545848387841777,0.8134723566938983,0.9518918658225082,-0.0411124820902794,0.9131007671493416,0.8956019451256515,0.980835825953448,-0.01749882202369013,0.4013141877847757,0.5134252294968646,0.0,[],True
V7C31,1.0,0.65,0.5,0.3,0.25,2.0,1.0,0.5,0.5,0.5,5.0,4787860,0.8539081655712161,0.8085400658972034,0.9468700482051674,0.20678486839631902,0.7478690620843043,0.04076633971579414,0.7904675575309219,0.20953244246907804,0,0.0,"[0.9443167509778768, 0.9545972180109452, 0.941966084098526]",0.9545972180109452,0.6872141643299762,0.6525700912758482,0.949587661529204,-0.03464407305412798,0.8545848387841777,0.806705318413519,0.9439733561868742,-0.04787952037065868,0.9131007671493416,0.8897959267066385,0.9744772523678195,-0.02330484044270309,0.4171383550919602,0.5247355225131846,0.0,[],True
V7C32,1.0,0.65,0.5,0.3,0.5,2.0,1.0,0.5,0.5,0.5,5.0,4787860,0.8539081655712161,0.8182253872960976,0.9582123936579894,0.15028593150175654,0.7531311323219577,0.040464291471868453,0.8478520675207712,0.15214793247922873,0,0.0,"[0.955533545081936, 0.9649110164313963, 0.9542415992795399]",0.9649110164313963,0.6872141643299762,0.6574523432984222,0.9566920727535188,-0.029761821031554003,0.8545848387841777,0.817051839172251,0.9560804288719595,-0.03753299961192669,0.9131007671493416,0.8944597235714224,0.9795848998833769,-0.01864104357791918,0.43911052452829724,0.524810704420609,0.0,[],True
V7C33,1.0,0.65,0.8,0.48,0.25,2.0,1.0,0.5,0.5,0.5,5.0,4787860,0.8539081655712161,0.8092494224110398,0.9477007657722748,0.20345081100951157,0.748709056826138,0.039820592263169675,0.7946700613635319,0.20532993863646806,0,0.0,"[0.9455512276090072, 0.9558172615178999, 0.9422289455295443]",0.9558172615178999,0.6872141643299762,0.6632564265467114,0.965137887100125,-0.02395773778326482,0.8545848387841777,0.8069323443389071,0.9442390125794111,-0.04765249444527053,0.9131007671493416,0.8915942745223882,0.976446747828177,-0.021506492626953477,0.401660347097074,0.5204806330653735,0.0,[],True
V7C34,1.0,0.65,0.8,0.48,0.5,2.0,1.0,0.5,0.5,0.5,5.0,4787860,0.8539081655712161,0.8187897832114825,0.9588733498803805,0.14787002961657192,0.7538691010069479,0.039664906261608714,0.8508820224484425,0.14911797755155748,0,0.0,"[0.9564819934941883, 0.9658940931925026, 0.9544607811581327]",0.9658940931925026,0.6872141643299762,0.6661739683798987,0.9693833494095814,-0.021040195950077445,0.8545848387841777,0.8172616081879782,0.956325891939179,-0.037323230596199464,0.9131007671493416,0.8954979970494397,0.9807219852033889,-0.017602770099901965,0.40279741221910875,0.5199236818869104,0.0,[],True
V7C35,1.0,0.65,1.0,0.6,0.25,2.0,1.0,0.5,0.5,0.5,5.0,4787860,0.8539081655712161,0.8100275414901635,0.948612010225129,0.20098770640745553,0.7473919283051769,0.039888766612525606,0.7976812187490863,0.20231878125091377,0,0.0,"[0.947656871171632, 0.9567351583959673, 0.9424150160255832]",0.9567351583959673,0.6872141643299762,0.6707931220094775,0.9761049128891152,-0.01642104232049868,0.8545848387841777,0.8073753893044049,0.9447574455604222,-0.04720944947977279,0.9131007671493416,0.8931974734705584,0.9782025222244415,-0.019903293678783185,0.40132064502786907,0.5176280046598324,0.0,[],True
V7C36,1.0,0.65,1.0,0.6,0.5,2.0,1.0,0.5,0.5,0.5,5.0,4787860,0.8539081655712161,0.8194669520234075,0.9596663728765618,0.14593221188589475,0.7520405665926724,0.03987101815792977,0.8532500950320184,0.14674990496798151,0,0.0,"[0.9584186459540309, 0.9666264683460642, 0.9546153288817346]",0.9666264683460642,0.6872141643299762,0.6723745434206785,0.9784061189661798,-0.01483962090929769,0.8545848387841777,0.817692171178617,0.9568297190270213,-0.03689266760556065,0.9131007671493416,0.8965639845331609,0.9818894220538136,-0.016536782616180745,0.4013777704646053,0.5163606551980807,0.0,[],True
