method_id,seed,path_id,path_tag,path_file,model_file,meta_file,matched_modern_22d_file,candidate_file,summary_file,status,message,started_at,finished_at
tcn_22d,1,p01_factory_logistics_showcase,path_factory_logistics_showcase_theta10_v10,E:\Matlab\Simulink\S-Function_16\data\paths\path_factory_logistics_showcase_theta10_v10.mat,E:\Matlab\Simulink\S-Function_16\results\modern_tcn_metric_rebuild\39_paper_final_frozen_benchmark\01_A1_algorithm_comparison\02_models\models\TCN_model_a1_tcn_v5_plantfix_passive17_plus_all5_seed1.mat,E:\Matlab\Simulink\S-Function_16\results\modern_tcn_metric_rebuild\39_paper_final_frozen_benchmark\01_A1_algorithm_comparison\02_models\models\TCN_meta_a1_tcn_v5_plantfix_passive17_plus_all5_seed1.mat,E:\Matlab\Simulink\S-Function_16\results\modern_tcn_metric_rebuild\32_four_algorithm_10seed_closed_loop\02_modern_fixed_full_closed_loop\path_factory_logistics_showcase_theta10_v10\modern_fixed_seed1_out.mat,E:\Matlab\Simulink\S-Function_16\results\modern_tcn_metric_rebuild\39_paper_final_frozen_benchmark\01_A1_algorithm_comparison\04_closed_loop\raw\tcn_22d\seed1\path_factory_logistics_showcase_theta10_v10\tcn_22d_seed1_out.mat,E:\Matlab\Simulink\S-Function_16\results\modern_tcn_metric_rebuild\39_paper_final_frozen_benchmark\01_A1_algorithm_comparison\04_closed_loop\raw\tcn_22d\seed1\path_factory_logistics_showcase_theta10_v10\a1_tcn_22d_seed1_summary.csv,complete,,20260716T222214,20260716T222704
tcn_22d,1,p02_sharp_turn_transition,path_closed_loop_sharp_turn_transition_theta10_v1,E:\Matlab\Simulink\S-Function_16\data\paths\path_closed_loop_sharp_turn_transition_theta10_v1.mat,E:\Matlab\Simulink\S-Function_16\results\modern_tcn_metric_rebuild\39_paper_final_frozen_benchmark\01_A1_algorithm_comparison\02_models\models\TCN_model_a1_tcn_v5_plantfix_passive17_plus_all5_seed1.mat,E:\Matlab\Simulink\S-Function_16\results\modern_tcn_metric_rebuild\39_paper_final_frozen_benchmark\01_A1_algorithm_comparison\02_models\models\TCN_meta_a1_tcn_v5_plantfix_passive17_plus_all5_seed1.mat,E:\Matlab\Simulink\S-Function_16\results\modern_tcn_metric_rebuild\32_four_algorithm_10seed_closed_loop\02_modern_fixed_full_closed_loop\path_closed_loop_sharp_turn_transition_theta10_v1\modern_fixed_seed1_out.mat,E:\Matlab\Simulink\S-Function_16\results\modern_tcn_metric_rebuild\39_paper_final_frozen_benchmark\01_A1_algorithm_comparison\04_closed_loop\raw\tcn_22d\seed1\path_closed_loop_sharp_turn_transition_theta10_v1\tcn_22d_seed1_out.mat,E:\Matlab\Simulink\S-Function_16\results\modern_tcn_metric_rebuild\39_paper_final_frozen_benchmark\01_A1_algorithm_comparison\04_closed_loop\raw\tcn_22d\seed1\path_closed_loop_sharp_turn_transition_theta10_v1\a1_tcn_22d_seed1_summary.csv,complete,,20260716T222704,20260716T222802
tcn_22d,1,p03_long_updown,path_closed_loop_long_updown_theta10_v1,E:\Matlab\Simulink\S-Function_16\data\paths\path_closed_loop_long_updown_theta10_v1.mat,E:\Matlab\Simulink\S-Function_16\results\modern_tcn_metric_rebuild\39_paper_final_frozen_benchmark\01_A1_algorithm_comparison\02_models\models\TCN_model_a1_tcn_v5_plantfix_passive17_plus_all5_seed1.mat,E:\Matlab\Simulink\S-Function_16\results\modern_tcn_metric_rebuild\39_paper_final_frozen_benchmark\01_A1_algorithm_comparison\02_models\models\TCN_meta_a1_tcn_v5_plantfix_passive17_plus_all5_seed1.mat,E:\Matlab\Simulink\S-Function_16\results\modern_tcn_metric_rebuild\32_four_algorithm_10seed_closed_loop\02_modern_fixed_full_closed_loop\path_closed_loop_long_updown_theta10_v1\modern_fixed_seed1_out.mat,E:\Matlab\Simulink\S-Function_16\results\modern_tcn_metric_rebuild\39_paper_final_frozen_benchmark\01_A1_algorithm_comparison\04_closed_loop\raw\tcn_22d\seed1\path_closed_loop_long_updown_theta10_v1\tcn_22d_seed1_out.mat,E:\Matlab\Simulink\S-Function_16\results\modern_tcn_metric_rebuild\39_paper_final_frozen_benchmark\01_A1_algorithm_comparison\04_closed_loop\raw\tcn_22d\seed1\path_closed_loop_long_updown_theta10_v1\a1_tcn_22d_seed1_summary.csv,complete,,20260716T222802,20260716T222902
tcn_22d,1,p04_soft_updown_straight_turn,path_modern_tcn_showcase_candidate_soft_updown_straight_turn_v1,E:\Matlab\Simulink\S-Function_16\data\paths\modern_tcn_showcase\candidates\path_modern_tcn_showcase_candidate_soft_updown_straight_turn_v1.mat,E:\Matlab\Simulink\S-Function_16\results\modern_tcn_metric_rebuild\39_paper_final_frozen_benchmark\01_A1_algorithm_comparison\02_models\models\TCN_model_a1_tcn_v5_plantfix_passive17_plus_all5_seed1.mat,E:\Matlab\Simulink\S-Function_16\results\modern_tcn_metric_rebuild\39_paper_final_frozen_benchmark\01_A1_algorithm_comparison\02_models\models\TCN_meta_a1_tcn_v5_plantfix_passive17_plus_all5_seed1.mat,E:\Matlab\Simulink\S-Function_16\results\modern_tcn_metric_rebuild\32_four_algorithm_10seed_closed_loop\02_modern_fixed_full_closed_loop\path_modern_tcn_showcase_candidate_soft_updown_straight_turn_v1\modern_fixed_seed1_out.mat,E:\Matlab\Simulink\S-Function_16\results\modern_tcn_metric_rebuild\39_paper_final_frozen_benchmark\01_A1_algorithm_comparison\04_closed_loop\raw\tcn_22d\seed1\path_modern_tcn_showcase_candidate_soft_updown_straight_turn_v1\tcn_22d_seed1_out.mat,E:\Matlab\Simulink\S-Function_16\results\modern_tcn_metric_rebuild\39_paper_final_frozen_benchmark\01_A1_algorithm_comparison\04_closed_loop\raw\tcn_22d\seed1\path_modern_tcn_showcase_candidate_soft_updown_straight_turn_v1\a1_tcn_22d_seed1_summary.csv,complete,,20260716T222902,20260716T223016
tcn_22d,1,p05_factory_flat_logistics,path_modern_tcn_showcase_candidate_factory_flat_logistics_safe_190_v1,E:\Matlab\Simulink\S-Function_16\data\paths\modern_tcn_showcase\candidates\path_modern_tcn_showcase_candidate_factory_flat_logistics_safe_190_v1.mat,E:\Matlab\Simulink\S-Function_16\results\modern_tcn_metric_rebuild\39_paper_final_frozen_benchmark\01_A1_algorithm_comparison\02_models\models\TCN_model_a1_tcn_v5_plantfix_passive17_plus_all5_seed1.mat,E:\Matlab\Simulink\S-Function_16\results\modern_tcn_metric_rebuild\39_paper_final_frozen_benchmark\01_A1_algorithm_comparison\02_models\models\TCN_meta_a1_tcn_v5_plantfix_passive17_plus_all5_seed1.mat,E:\Matlab\Simulink\S-Function_16\results\modern_tcn_metric_rebuild\32_four_algorithm_10seed_closed_loop\02_modern_fixed_full_closed_loop\path_modern_tcn_showcase_candidate_factory_flat_logistics_safe_190_v1\modern_fixed_seed1_out.mat,E:\Matlab\Simulink\S-Function_16\results\modern_tcn_metric_rebuild\39_paper_final_frozen_benchmark\01_A1_algorithm_comparison\04_closed_loop\raw\tcn_22d\seed1\path_modern_tcn_showcase_candidate_factory_flat_logistics_safe_190_v1\tcn_22d_seed1_out.mat,E:\Matlab\Simulink\S-Function_16\results\modern_tcn_metric_rebuild\39_paper_final_frozen_benchmark\01_A1_algorithm_comparison\04_closed_loop\raw\tcn_22d\seed1\path_modern_tcn_showcase_candidate_factory_flat_logistics_safe_190_v1\a1_tcn_22d_seed1_summary.csv,complete,,20260716T223016,20260716T223403
tcn_22d,1,p06_downhill_after_turn,path_factory_target_downhill_straight_after_turn_v1,E:\Matlab\Simulink\S-Function_16\data\paths\factory_targeted_eval\path_factory_target_downhill_straight_after_turn_v1.mat,E:\Matlab\Simulink\S-Function_16\results\modern_tcn_metric_rebuild\39_paper_final_frozen_benchmark\01_A1_algorithm_comparison\02_models\models\TCN_model_a1_tcn_v5_plantfix_passive17_plus_all5_seed1.mat,E:\Matlab\Simulink\S-Function_16\results\modern_tcn_metric_rebuild\39_paper_final_frozen_benchmark\01_A1_algorithm_comparison\02_models\models\TCN_meta_a1_tcn_v5_plantfix_passive17_plus_all5_seed1.mat,E:\Matlab\Simulink\S-Function_16\results\modern_tcn_metric_rebuild\32_four_algorithm_10seed_closed_loop\02_modern_fixed_full_closed_loop\path_factory_target_downhill_straight_after_turn_v1\modern_fixed_seed1_out.mat,E:\Matlab\Simulink\S-Function_16\results\modern_tcn_metric_rebuild\39_paper_final_frozen_benchmark\01_A1_algorithm_comparison\04_closed_loop\raw\tcn_22d\seed1\path_factory_target_downhill_straight_after_turn_v1\tcn_22d_seed1_out.mat,E:\Matlab\Simulink\S-Function_16\results\modern_tcn_metric_rebuild\39_paper_final_frozen_benchmark\01_A1_algorithm_comparison\04_closed_loop\raw\tcn_22d\seed1\path_factory_target_downhill_straight_after_turn_v1\a1_tcn_22d_seed1_summary.csv,complete,,20260716T223403,20260716T223452
tcn_22d,7,p01_factory_logistics_showcase,path_factory_logistics_showcase_theta10_v10,E:\Matlab\Simulink\S-Function_16\data\paths\path_factory_logistics_showcase_theta10_v10.mat,E:\Matlab\Simulink\S-Function_16\results\modern_tcn_metric_rebuild\39_paper_final_frozen_benchmark\01_A1_algorithm_comparison\02_models\models\TCN_model_a1_tcn_v5_plantfix_passive17_plus_all5_seed7.mat,E:\Matlab\Simulink\S-Function_16\results\modern_tcn_metric_rebuild\39_paper_final_frozen_benchmark\01_A1_algorithm_comparison\02_models\models\TCN_meta_a1_tcn_v5_plantfix_passive17_plus_all5_seed7.mat,E:\Matlab\Simulink\S-Function_16\results\modern_tcn_metric_rebuild\32_four_algorithm_10seed_closed_loop\02_modern_fixed_full_closed_loop\path_factory_logistics_showcase_theta10_v10\modern_fixed_seed7_out.mat,E:\Matlab\Simulink\S-Function_16\results\modern_tcn_metric_rebuild\39_paper_final_frozen_benchmark\01_A1_algorithm_comparison\04_closed_loop\raw\tcn_22d\seed7\path_factory_logistics_showcase_theta10_v10\tcn_22d_seed7_out.mat,E:\Matlab\Simulink\S-Function_16\results\modern_tcn_metric_rebuild\39_paper_final_frozen_benchmark\01_A1_algorithm_comparison\04_closed_loop\raw\tcn_22d\seed7\path_factory_logistics_showcase_theta10_v10\a1_tcn_22d_seed7_summary.csv,complete,,20260716T223452,20260716T224037
tcn_22d,7,p02_sharp_turn_transition,path_closed_loop_sharp_turn_transition_theta10_v1,E:\Matlab\Simulink\S-Function_16\data\paths\path_closed_loop_sharp_turn_transition_theta10_v1.mat,E:\Matlab\Simulink\S-Function_16\results\modern_tcn_metric_rebuild\39_paper_final_frozen_benchmark\01_A1_algorithm_comparison\02_models\models\TCN_model_a1_tcn_v5_plantfix_passive17_plus_all5_seed7.mat,E:\Matlab\Simulink\S-Function_16\results\modern_tcn_metric_rebuild\39_paper_final_frozen_benchmark\01_A1_algorithm_comparison\02_models\models\TCN_meta_a1_tcn_v5_plantfix_passive17_plus_all5_seed7.mat,E:\Matlab\Simulink\S-Function_16\results\modern_tcn_metric_rebuild\32_four_algorithm_10seed_closed_loop\02_modern_fixed_full_closed_loop\path_closed_loop_sharp_turn_transition_theta10_v1\modern_fixed_seed7_out.mat,E:\Matlab\Simulink\S-Function_16\results\modern_tcn_metric_rebuild\39_paper_final_frozen_benchmark\01_A1_algorithm_comparison\04_closed_loop\raw\tcn_22d\seed7\path_closed_loop_sharp_turn_transition_theta10_v1\tcn_22d_seed7_out.mat,E:\Matlab\Simulink\S-Function_16\results\modern_tcn_metric_rebuild\39_paper_final_frozen_benchmark\01_A1_algorithm_comparison\04_closed_loop\raw\tcn_22d\seed7\path_closed_loop_sharp_turn_transition_theta10_v1\a1_tcn_22d_seed7_summary.csv,complete,,20260716T224037,20260716T224138
tcn_22d,7,p03_long_updown,path_closed_loop_long_updown_theta10_v1,E:\Matlab\Simulink\S-Function_16\data\paths\path_closed_loop_long_updown_theta10_v1.mat,E:\Matlab\Simulink\S-Function_16\results\modern_tcn_metric_rebuild\39_paper_final_frozen_benchmark\01_A1_algorithm_comparison\02_models\models\TCN_model_a1_tcn_v5_plantfix_passive17_plus_all5_seed7.mat,E:\Matlab\Simulink\S-Function_16\results\modern_tcn_metric_rebuild\39_paper_final_frozen_benchmark\01_A1_algorithm_comparison\02_models\models\TCN_meta_a1_tcn_v5_plantfix_passive17_plus_all5_seed7.mat,E:\Matlab\Simulink\S-Function_16\results\modern_tcn_metric_rebuild\32_four_algorithm_10seed_closed_loop\02_modern_fixed_full_closed_loop\path_closed_loop_long_updown_theta10_v1\modern_fixed_seed7_out.mat,E:\Matlab\Simulink\S-Function_16\results\modern_tcn_metric_rebuild\39_paper_final_frozen_benchmark\01_A1_algorithm_comparison\04_closed_loop\raw\tcn_22d\seed7\path_closed_loop_long_updown_theta10_v1\tcn_22d_seed7_out.mat,E:\Matlab\Simulink\S-Function_16\results\modern_tcn_metric_rebuild\39_paper_final_frozen_benchmark\01_A1_algorithm_comparison\04_closed_loop\raw\tcn_22d\seed7\path_closed_loop_long_updown_theta10_v1\a1_tcn_22d_seed7_summary.csv,complete,,20260716T224138,20260716T224229
tcn_22d,7,p04_soft_updown_straight_turn,path_modern_tcn_showcase_candidate_soft_updown_straight_turn_v1,E:\Matlab\Simulink\S-Function_16\data\paths\modern_tcn_showcase\candidates\path_modern_tcn_showcase_candidate_soft_updown_straight_turn_v1.mat,E:\Matlab\Simulink\S-Function_16\results\modern_tcn_metric_rebuild\39_paper_final_frozen_benchmark\01_A1_algorithm_comparison\02_models\models\TCN_model_a1_tcn_v5_plantfix_passive17_plus_all5_seed7.mat,E:\Matlab\Simulink\S-Function_16\results\modern_tcn_metric_rebuild\39_paper_final_frozen_benchmark\01_A1_algorithm_comparison\02_models\models\TCN_meta_a1_tcn_v5_plantfix_passive17_plus_all5_seed7.mat,E:\Matlab\Simulink\S-Function_16\results\modern_tcn_metric_rebuild\32_four_algorithm_10seed_closed_loop\02_modern_fixed_full_closed_loop\path_modern_tcn_showcase_candidate_soft_updown_straight_turn_v1\modern_fixed_seed7_out.mat,E:\Matlab\Simulink\S-Function_16\results\modern_tcn_metric_rebuild\39_paper_final_frozen_benchmark\01_A1_algorithm_comparison\04_closed_loop\raw\tcn_22d\seed7\path_modern_tcn_showcase_candidate_soft_updown_straight_turn_v1\tcn_22d_seed7_out.mat,E:\Matlab\Simulink\S-Function_16\results\modern_tcn_metric_rebuild\39_paper_final_frozen_benchmark\01_A1_algorithm_comparison\04_closed_loop\raw\tcn_22d\seed7\path_modern_tcn_showcase_candidate_soft_updown_straight_turn_v1\a1_tcn_22d_seed7_summary.csv,complete,,20260716T224229,20260716T224332
tcn_22d,7,p05_factory_flat_logistics,path_modern_tcn_showcase_candidate_factory_flat_logistics_safe_190_v1,E:\Matlab\Simulink\S-Function_16\data\paths\modern_tcn_showcase\candidates\path_modern_tcn_showcase_candidate_factory_flat_logistics_safe_190_v1.mat,E:\Matlab\Simulink\S-Function_16\results\modern_tcn_metric_rebuild\39_paper_final_frozen_benchmark\01_A1_algorithm_comparison\02_models\models\TCN_model_a1_tcn_v5_plantfix_passive17_plus_all5_seed7.mat,E:\Matlab\Simulink\S-Function_16\results\modern_tcn_metric_rebuild\39_paper_final_frozen_benchmark\01_A1_algorithm_comparison\02_models\models\TCN_meta_a1_tcn_v5_plantfix_passive17_plus_all5_seed7.mat,E:\Matlab\Simulink\S-Function_16\results\modern_tcn_metric_rebuild\32_four_algorithm_10seed_closed_loop\02_modern_fixed_full_closed_loop\path_modern_tcn_showcase_candidate_factory_flat_logistics_safe_190_v1\modern_fixed_seed7_out.mat,E:\Matlab\Simulink\S-Function_16\results\modern_tcn_metric_rebuild\39_paper_final_frozen_benchmark\01_A1_algorithm_comparison\04_closed_loop\raw\tcn_22d\seed7\path_modern_tcn_showcase_candidate_factory_flat_logistics_safe_190_v1\tcn_22d_seed7_out.mat,E:\Matlab\Simulink\S-Function_16\results\modern_tcn_metric_rebuild\39_paper_final_frozen_benchmark\01_A1_algorithm_comparison\04_closed_loop\raw\tcn_22d\seed7\path_modern_tcn_showcase_candidate_factory_flat_logistics_safe_190_v1\a1_tcn_22d_seed7_summary.csv,complete,,20260716T224332,20260716T224652
tcn_22d,7,p06_downhill_after_turn,path_factory_target_downhill_straight_after_turn_v1,E:\Matlab\Simulink\S-Function_16\data\paths\factory_targeted_eval\path_factory_target_downhill_straight_after_turn_v1.mat,E:\Matlab\Simulink\S-Function_16\results\modern_tcn_metric_rebuild\39_paper_final_frozen_benchmark\01_A1_algorithm_comparison\02_models\models\TCN_model_a1_tcn_v5_plantfix_passive17_plus_all5_seed7.mat,E:\Matlab\Simulink\S-Function_16\results\modern_tcn_metric_rebuild\39_paper_final_frozen_benchmark\01_A1_algorithm_comparison\02_models\models\TCN_meta_a1_tcn_v5_plantfix_passive17_plus_all5_seed7.mat,E:\Matlab\Simulink\S-Function_16\results\modern_tcn_metric_rebuild\32_four_algorithm_10seed_closed_loop\02_modern_fixed_full_closed_loop\path_factory_target_downhill_straight_after_turn_v1\modern_fixed_seed7_out.mat,E:\Matlab\Simulink\S-Function_16\results\modern_tcn_metric_rebuild\39_paper_final_frozen_benchmark\01_A1_algorithm_comparison\04_closed_loop\raw\tcn_22d\seed7\path_factory_target_downhill_straight_after_turn_v1\tcn_22d_seed7_out.mat,E:\Matlab\Simulink\S-Function_16\results\modern_tcn_metric_rebuild\39_paper_final_frozen_benchmark\01_A1_algorithm_comparison\04_closed_loop\raw\tcn_22d\seed7\path_factory_target_downhill_straight_after_turn_v1\a1_tcn_22d_seed7_summary.csv,complete,,20260716T224652,20260716T224736
tcn_22d,11,p01_factory_logistics_showcase,path_factory_logistics_showcase_theta10_v10,E:\Matlab\Simulink\S-Function_16\data\paths\path_factory_logistics_showcase_theta10_v10.mat,E:\Matlab\Simulink\S-Function_16\results\modern_tcn_metric_rebuild\39_paper_final_frozen_benchmark\01_A1_algorithm_comparison\02_models\models\TCN_model_a1_tcn_v5_plantfix_passive17_plus_all5_seed11.mat,E:\Matlab\Simulink\S-Function_16\results\modern_tcn_metric_rebuild\39_paper_final_frozen_benchmark\01_A1_algorithm_comparison\02_models\models\TCN_meta_a1_tcn_v5_plantfix_passive17_plus_all5_seed11.mat,E:\Matlab\Simulink\S-Function_16\results\modern_tcn_metric_rebuild\32_four_algorithm_10seed_closed_loop\02_modern_fixed_full_closed_loop\path_factory_logistics_showcase_theta10_v10\modern_fixed_seed11_out.mat,E:\Matlab\Simulink\S-Function_16\results\modern_tcn_metric_rebuild\39_paper_final_frozen_benchmark\01_A1_algorithm_comparison\04_closed_loop\raw\tcn_22d\seed11\path_factory_logistics_showcase_theta10_v10\tcn_22d_seed11_out.mat,E:\Matlab\Simulink\S-Function_16\results\modern_tcn_metric_rebuild\39_paper_final_frozen_benchmark\01_A1_algorithm_comparison\04_closed_loop\raw\tcn_22d\seed11\path_factory_logistics_showcase_theta10_v10\a1_tcn_22d_seed11_summary.csv,complete,,20260716T224736,20260716T225204
tcn_22d,11,p02_sharp_turn_transition,path_closed_loop_sharp_turn_transition_theta10_v1,E:\Matlab\Simulink\S-Function_16\data\paths\path_closed_loop_sharp_turn_transition_theta10_v1.mat,E:\Matlab\Simulink\S-Function_16\results\modern_tcn_metric_rebuild\39_paper_final_frozen_benchmark\01_A1_algorithm_comparison\02_models\models\TCN_model_a1_tcn_v5_plantfix_passive17_plus_all5_seed11.mat,E:\Matlab\Simulink\S-Function_16\results\modern_tcn_metric_rebuild\39_paper_final_frozen_benchmark\01_A1_algorithm_comparison\02_models\models\TCN_meta_a1_tcn_v5_plantfix_passive17_plus_all5_seed11.mat,E:\Matlab\Simulink\S-Function_16\results\modern_tcn_metric_rebuild\32_four_algorithm_10seed_closed_loop\02_modern_fixed_full_closed_loop\path_closed_loop_sharp_turn_transition_theta10_v1\modern_fixed_seed11_out.mat,E:\Matlab\Simulink\S-Function_16\results\modern_tcn_metric_rebuild\39_paper_final_frozen_benchmark\01_A1_algorithm_comparison\04_closed_loop\raw\tcn_22d\seed11\path_closed_loop_sharp_turn_transition_theta10_v1\tcn_22d_seed11_out.mat,E:\Matlab\Simulink\S-Function_16\results\modern_tcn_metric_rebuild\39_paper_final_frozen_benchmark\01_A1_algorithm_comparison\04_closed_loop\raw\tcn_22d\seed11\path_closed_loop_sharp_turn_transition_theta10_v1\a1_tcn_22d_seed11_summary.csv,complete,,20260716T225204,20260716T225304
tcn_22d,11,p03_long_updown,path_closed_loop_long_updown_theta10_v1,E:\Matlab\Simulink\S-Function_16\data\paths\path_closed_loop_long_updown_theta10_v1.mat,E:\Matlab\Simulink\S-Function_16\results\modern_tcn_metric_rebuild\39_paper_final_frozen_benchmark\01_A1_algorithm_comparison\02_models\models\TCN_model_a1_tcn_v5_plantfix_passive17_plus_all5_seed11.mat,E:\Matlab\Simulink\S-Function_16\results\modern_tcn_metric_rebuild\39_paper_final_frozen_benchmark\01_A1_algorithm_comparison\02_models\models\TCN_meta_a1_tcn_v5_plantfix_passive17_plus_all5_seed11.mat,E:\Matlab\Simulink\S-Function_16\results\modern_tcn_metric_rebuild\32_four_algorithm_10seed_closed_loop\02_modern_fixed_full_closed_loop\path_closed_loop_long_updown_theta10_v1\modern_fixed_seed11_out.mat,E:\Matlab\Simulink\S-Function_16\results\modern_tcn_metric_rebuild\39_paper_final_frozen_benchmark\01_A1_algorithm_comparison\04_closed_loop\raw\tcn_22d\seed11\path_closed_loop_long_updown_theta10_v1\tcn_22d_seed11_out.mat,E:\Matlab\Simulink\S-Function_16\results\modern_tcn_metric_rebuild\39_paper_final_frozen_benchmark\01_A1_algorithm_comparison\04_closed_loop\raw\tcn_22d\seed11\path_closed_loop_long_updown_theta10_v1\a1_tcn_22d_seed11_summary.csv,complete,,20260716T225304,20260716T225354
tcn_22d,11,p04_soft_updown_straight_turn,path_modern_tcn_showcase_candidate_soft_updown_straight_turn_v1,E:\Matlab\Simulink\S-Function_16\data\paths\modern_tcn_showcase\candidates\path_modern_tcn_showcase_candidate_soft_updown_straight_turn_v1.mat,E:\Matlab\Simulink\S-Function_16\results\modern_tcn_metric_rebuild\39_paper_final_frozen_benchmark\01_A1_algorithm_comparison\02_models\models\TCN_model_a1_tcn_v5_plantfix_passive17_plus_all5_seed11.mat,E:\Matlab\Simulink\S-Function_16\results\modern_tcn_metric_rebuild\39_paper_final_frozen_benchmark\01_A1_algorithm_comparison\02_models\models\TCN_meta_a1_tcn_v5_plantfix_passive17_plus_all5_seed11.mat,E:\Matlab\Simulink\S-Function_16\results\modern_tcn_metric_rebuild\32_four_algorithm_10seed_closed_loop\02_modern_fixed_full_closed_loop\path_modern_tcn_showcase_candidate_soft_updown_straight_turn_v1\modern_fixed_seed11_out.mat,E:\Matlab\Simulink\S-Function_16\results\modern_tcn_metric_rebuild\39_paper_final_frozen_benchmark\01_A1_algorithm_comparison\04_closed_loop\raw\tcn_22d\seed11\path_modern_tcn_showcase_candidate_soft_updown_straight_turn_v1\tcn_22d_seed11_out.mat,E:\Matlab\Simulink\S-Function_16\results\modern_tcn_metric_rebuild\39_paper_final_frozen_benchmark\01_A1_algorithm_comparison\04_closed_loop\raw\tcn_22d\seed11\path_modern_tcn_showcase_candidate_soft_updown_straight_turn_v1\a1_tcn_22d_seed11_summary.csv,complete,,20260716T225354,20260716T225456
tcn_22d,11,p05_factory_flat_logistics,path_modern_tcn_showcase_candidate_factory_flat_logistics_safe_190_v1,E:\Matlab\Simulink\S-Function_16\data\paths\modern_tcn_showcase\candidates\path_modern_tcn_showcase_candidate_factory_flat_logistics_safe_190_v1.mat,E:\Matlab\Simulink\S-Function_16\results\modern_tcn_metric_rebuild\39_paper_final_frozen_benchmark\01_A1_algorithm_comparison\02_models\models\TCN_model_a1_tcn_v5_plantfix_passive17_plus_all5_seed11.mat,E:\Matlab\Simulink\S-Function_16\results\modern_tcn_metric_rebuild\39_paper_final_frozen_benchmark\01_A1_algorithm_comparison\02_models\models\TCN_meta_a1_tcn_v5_plantfix_passive17_plus_all5_seed11.mat,E:\Matlab\Simulink\S-Function_16\results\modern_tcn_metric_rebuild\32_four_algorithm_10seed_closed_loop\02_modern_fixed_full_closed_loop\path_modern_tcn_showcase_candidate_factory_flat_logistics_safe_190_v1\modern_fixed_seed11_out.mat,E:\Matlab\Simulink\S-Function_16\results\modern_tcn_metric_rebuild\39_paper_final_frozen_benchmark\01_A1_algorithm_comparison\04_closed_loop\raw\tcn_22d\seed11\path_modern_tcn_showcase_candidate_factory_flat_logistics_safe_190_v1\tcn_22d_seed11_out.mat,E:\Matlab\Simulink\S-Function_16\results\modern_tcn_metric_rebuild\39_paper_final_frozen_benchmark\01_A1_algorithm_comparison\04_closed_loop\raw\tcn_22d\seed11\path_modern_tcn_showcase_candidate_factory_flat_logistics_safe_190_v1\a1_tcn_22d_seed11_summary.csv,complete,,20260716T225456,20260716T225819
tcn_22d,11,p06_downhill_after_turn,path_factory_target_downhill_straight_after_turn_v1,E:\Matlab\Simulink\S-Function_16\data\paths\factory_targeted_eval\path_factory_target_downhill_straight_after_turn_v1.mat,E:\Matlab\Simulink\S-Function_16\results\modern_tcn_metric_rebuild\39_paper_final_frozen_benchmark\01_A1_algorithm_comparison\02_models\models\TCN_model_a1_tcn_v5_plantfix_passive17_plus_all5_seed11.mat,E:\Matlab\Simulink\S-Function_16\results\modern_tcn_metric_rebuild\39_paper_final_frozen_benchmark\01_A1_algorithm_comparison\02_models\models\TCN_meta_a1_tcn_v5_plantfix_passive17_plus_all5_seed11.mat,E:\Matlab\Simulink\S-Function_16\results\modern_tcn_metric_rebuild\32_four_algorithm_10seed_closed_loop\02_modern_fixed_full_closed_loop\path_factory_target_downhill_straight_after_turn_v1\modern_fixed_seed11_out.mat,E:\Matlab\Simulink\S-Function_16\results\modern_tcn_metric_rebuild\39_paper_final_frozen_benchmark\01_A1_algorithm_comparison\04_closed_loop\raw\tcn_22d\seed11\path_factory_target_downhill_straight_after_turn_v1\tcn_22d_seed11_out.mat,E:\Matlab\Simulink\S-Function_16\results\modern_tcn_metric_rebuild\39_paper_final_frozen_benchmark\01_A1_algorithm_comparison\04_closed_loop\raw\tcn_22d\seed11\path_factory_target_downhill_straight_after_turn_v1\a1_tcn_22d_seed11_summary.csv,complete,,20260716T225819,20260716T225904
tcn_22d,21,p01_factory_logistics_showcase,path_factory_logistics_showcase_theta10_v10,E:\Matlab\Simulink\S-Function_16\data\paths\path_factory_logistics_showcase_theta10_v10.mat,E:\Matlab\Simulink\S-Function_16\results\paper\agv_model_parameter_correction_workflow\08_models\models\TCN_model_full_tcn_v5_plantfix_passive17_plus_all5_seed21.mat,E:\Matlab\Simulink\S-Function_16\results\paper\agv_model_parameter_correction_workflow\08_models\models\TCN_meta_full_tcn_v5_plantfix_passive17_plus_all5_seed21.mat,E:\Matlab\Simulink\S-Function_16\results\modern_tcn_metric_rebuild\32_four_algorithm_10seed_closed_loop\02_modern_fixed_full_closed_loop\path_factory_logistics_showcase_theta10_v10\modern_fixed_seed21_out.mat,E:\Matlab\Simulink\S-Function_16\results\modern_tcn_metric_rebuild\39_paper_final_frozen_benchmark\01_A1_algorithm_comparison\04_closed_loop\raw\tcn_22d\seed21\path_factory_logistics_showcase_theta10_v10\tcn_22d_seed21_out.mat,E:\Matlab\Simulink\S-Function_16\results\modern_tcn_metric_rebuild\39_paper_final_frozen_benchmark\01_A1_algorithm_comparison\04_closed_loop\raw\tcn_22d\seed21\path_factory_logistics_showcase_theta10_v10\a1_tcn_22d_seed21_summary.csv,complete,,20260716T225904,20260716T230332
tcn_22d,21,p02_sharp_turn_transition,path_closed_loop_sharp_turn_transition_theta10_v1,E:\Matlab\Simulink\S-Function_16\data\paths\path_closed_loop_sharp_turn_transition_theta10_v1.mat,E:\Matlab\Simulink\S-Function_16\results\paper\agv_model_parameter_correction_workflow\08_models\models\TCN_model_full_tcn_v5_plantfix_passive17_plus_all5_seed21.mat,E:\Matlab\Simulink\S-Function_16\results\paper\agv_model_parameter_correction_workflow\08_models\models\TCN_meta_full_tcn_v5_plantfix_passive17_plus_all5_seed21.mat,E:\Matlab\Simulink\S-Function_16\results\modern_tcn_metric_rebuild\32_four_algorithm_10seed_closed_loop\02_modern_fixed_full_closed_loop\path_closed_loop_sharp_turn_transition_theta10_v1\modern_fixed_seed21_out.mat,E:\Matlab\Simulink\S-Function_16\results\modern_tcn_metric_rebuild\39_paper_final_frozen_benchmark\01_A1_algorithm_comparison\04_closed_loop\raw\tcn_22d\seed21\path_closed_loop_sharp_turn_transition_theta10_v1\tcn_22d_seed21_out.mat,E:\Matlab\Simulink\S-Function_16\results\modern_tcn_metric_rebuild\39_paper_final_frozen_benchmark\01_A1_algorithm_comparison\04_closed_loop\raw\tcn_22d\seed21\path_closed_loop_sharp_turn_transition_theta10_v1\a1_tcn_22d_seed21_summary.csv,complete,,20260716T230332,20260716T230430
tcn_22d,21,p03_long_updown,path_closed_loop_long_updown_theta10_v1,E:\Matlab\Simulink\S-Function_16\data\paths\path_closed_loop_long_updown_theta10_v1.mat,E:\Matlab\Simulink\S-Function_16\results\paper\agv_model_parameter_correction_workflow\08_models\models\TCN_model_full_tcn_v5_plantfix_passive17_plus_all5_seed21.mat,E:\Matlab\Simulink\S-Function_16\results\paper\agv_model_parameter_correction_workflow\08_models\models\TCN_meta_full_tcn_v5_plantfix_passive17_plus_all5_seed21.mat,E:\Matlab\Simulink\S-Function_16\results\modern_tcn_metric_rebuild\32_four_algorithm_10seed_closed_loop\02_modern_fixed_full_closed_loop\path_closed_loop_long_updown_theta10_v1\modern_fixed_seed21_out.mat,E:\Matlab\Simulink\S-Function_16\results\modern_tcn_metric_rebuild\39_paper_final_frozen_benchmark\01_A1_algorithm_comparison\04_closed_loop\raw\tcn_22d\seed21\path_closed_loop_long_updown_theta10_v1\tcn_22d_seed21_out.mat,E:\Matlab\Simulink\S-Function_16\results\modern_tcn_metric_rebuild\39_paper_final_frozen_benchmark\01_A1_algorithm_comparison\04_closed_loop\raw\tcn_22d\seed21\path_closed_loop_long_updown_theta10_v1\a1_tcn_22d_seed21_summary.csv,complete,,20260716T230430,20260716T230520
tcn_22d,21,p04_soft_updown_straight_turn,path_modern_tcn_showcase_candidate_soft_updown_straight_turn_v1,E:\Matlab\Simulink\S-Function_16\data\paths\modern_tcn_showcase\candidates\path_modern_tcn_showcase_candidate_soft_updown_straight_turn_v1.mat,E:\Matlab\Simulink\S-Function_16\results\paper\agv_model_parameter_correction_workflow\08_models\models\TCN_model_full_tcn_v5_plantfix_passive17_plus_all5_seed21.mat,E:\Matlab\Simulink\S-Function_16\results\paper\agv_model_parameter_correction_workflow\08_models\models\TCN_meta_full_tcn_v5_plantfix_passive17_plus_all5_seed21.mat,E:\Matlab\Simulink\S-Function_16\results\modern_tcn_metric_rebuild\32_four_algorithm_10seed_closed_loop\02_modern_fixed_full_closed_loop\path_modern_tcn_showcase_candidate_soft_updown_straight_turn_v1\modern_fixed_seed21_out.mat,E:\Matlab\Simulink\S-Function_16\results\modern_tcn_metric_rebuild\39_paper_final_frozen_benchmark\01_A1_algorithm_comparison\04_closed_loop\raw\tcn_22d\seed21\path_modern_tcn_showcase_candidate_soft_updown_straight_turn_v1\tcn_22d_seed21_out.mat,E:\Matlab\Simulink\S-Function_16\results\modern_tcn_metric_rebuild\39_paper_final_frozen_benchmark\01_A1_algorithm_comparison\04_closed_loop\raw\tcn_22d\seed21\path_modern_tcn_showcase_candidate_soft_updown_straight_turn_v1\a1_tcn_22d_seed21_summary.csv,complete,,20260716T230520,20260716T230623
tcn_22d,21,p05_factory_flat_logistics,path_modern_tcn_showcase_candidate_factory_flat_logistics_safe_190_v1,E:\Matlab\Simulink\S-Function_16\data\paths\modern_tcn_showcase\candidates\path_modern_tcn_showcase_candidate_factory_flat_logistics_safe_190_v1.mat,E:\Matlab\Simulink\S-Function_16\results\paper\agv_model_parameter_correction_workflow\08_models\models\TCN_model_full_tcn_v5_plantfix_passive17_plus_all5_seed21.mat,E:\Matlab\Simulink\S-Function_16\results\paper\agv_model_parameter_correction_workflow\08_models\models\TCN_meta_full_tcn_v5_plantfix_passive17_plus_all5_seed21.mat,E:\Matlab\Simulink\S-Function_16\results\modern_tcn_metric_rebuild\32_four_algorithm_10seed_closed_loop\02_modern_fixed_full_closed_loop\path_modern_tcn_showcase_candidate_factory_flat_logistics_safe_190_v1\modern_fixed_seed21_out.mat,E:\Matlab\Simulink\S-Function_16\results\modern_tcn_metric_rebuild\39_paper_final_frozen_benchmark\01_A1_algorithm_comparison\04_closed_loop\raw\tcn_22d\seed21\path_modern_tcn_showcase_candidate_factory_flat_logistics_safe_190_v1\tcn_22d_seed21_out.mat,E:\Matlab\Simulink\S-Function_16\results\modern_tcn_metric_rebuild\39_paper_final_frozen_benchmark\01_A1_algorithm_comparison\04_closed_loop\raw\tcn_22d\seed21\path_modern_tcn_showcase_candidate_factory_flat_logistics_safe_190_v1\a1_tcn_22d_seed21_summary.csv,complete,,20260716T230623,20260716T230943
tcn_22d,21,p06_downhill_after_turn,path_factory_target_downhill_straight_after_turn_v1,E:\Matlab\Simulink\S-Function_16\data\paths\factory_targeted_eval\path_factory_target_downhill_straight_after_turn_v1.mat,E:\Matlab\Simulink\S-Function_16\results\paper\agv_model_parameter_correction_workflow\08_models\models\TCN_model_full_tcn_v5_plantfix_passive17_plus_all5_seed21.mat,E:\Matlab\Simulink\S-Function_16\results\paper\agv_model_parameter_correction_workflow\08_models\models\TCN_meta_full_tcn_v5_plantfix_passive17_plus_all5_seed21.mat,E:\Matlab\Simulink\S-Function_16\results\modern_tcn_metric_rebuild\32_four_algorithm_10seed_closed_loop\02_modern_fixed_full_closed_loop\path_factory_target_downhill_straight_after_turn_v1\modern_fixed_seed21_out.mat,E:\Matlab\Simulink\S-Function_16\results\modern_tcn_metric_rebuild\39_paper_final_frozen_benchmark\01_A1_algorithm_comparison\04_closed_loop\raw\tcn_22d\seed21\path_factory_target_downhill_straight_after_turn_v1\tcn_22d_seed21_out.mat,E:\Matlab\Simulink\S-Function_16\results\modern_tcn_metric_rebuild\39_paper_final_frozen_benchmark\01_A1_algorithm_comparison\04_closed_loop\raw\tcn_22d\seed21\path_factory_target_downhill_straight_after_turn_v1\a1_tcn_22d_seed21_summary.csv,complete,,20260716T230943,20260716T231027
tcn_22d,42,p01_factory_logistics_showcase,path_factory_logistics_showcase_theta10_v10,E:\Matlab\Simulink\S-Function_16\data\paths\path_factory_logistics_showcase_theta10_v10.mat,E:\Matlab\Simulink\S-Function_16\results\modern_tcn_metric_rebuild\39_paper_final_frozen_benchmark\01_A1_algorithm_comparison\02_models\models\TCN_model_a1_tcn_v5_plantfix_passive17_plus_all5_seed42.mat,E:\Matlab\Simulink\S-Function_16\results\modern_tcn_metric_rebuild\39_paper_final_frozen_benchmark\01_A1_algorithm_comparison\02_models\models\TCN_meta_a1_tcn_v5_plantfix_passive17_plus_all5_seed42.mat,E:\Matlab\Simulink\S-Function_16\results\modern_tcn_metric_rebuild\32_four_algorithm_10seed_closed_loop\02_modern_fixed_full_closed_loop\path_factory_logistics_showcase_theta10_v10\modern_fixed_seed42_out.mat,E:\Matlab\Simulink\S-Function_16\results\modern_tcn_metric_rebuild\39_paper_final_frozen_benchmark\01_A1_algorithm_comparison\04_closed_loop\raw\tcn_22d\seed42\path_factory_logistics_showcase_theta10_v10\tcn_22d_seed42_out.mat,E:\Matlab\Simulink\S-Function_16\results\modern_tcn_metric_rebuild\39_paper_final_frozen_benchmark\01_A1_algorithm_comparison\04_closed_loop\raw\tcn_22d\seed42\path_factory_logistics_showcase_theta10_v10\a1_tcn_22d_seed42_summary.csv,complete,,20260716T231027,20260716T231457
tcn_22d,42,p02_sharp_turn_transition,path_closed_loop_sharp_turn_transition_theta10_v1,E:\Matlab\Simulink\S-Function_16\data\paths\path_closed_loop_sharp_turn_transition_theta10_v1.mat,E:\Matlab\Simulink\S-Function_16\results\modern_tcn_metric_rebuild\39_paper_final_frozen_benchmark\01_A1_algorithm_comparison\02_models\models\TCN_model_a1_tcn_v5_plantfix_passive17_plus_all5_seed42.mat,E:\Matlab\Simulink\S-Function_16\results\modern_tcn_metric_rebuild\39_paper_final_frozen_benchmark\01_A1_algorithm_comparison\02_models\models\TCN_meta_a1_tcn_v5_plantfix_passive17_plus_all5_seed42.mat,E:\Matlab\Simulink\S-Function_16\results\modern_tcn_metric_rebuild\32_four_algorithm_10seed_closed_loop\02_modern_fixed_full_closed_loop\path_closed_loop_sharp_turn_transition_theta10_v1\modern_fixed_seed42_out.mat,E:\Matlab\Simulink\S-Function_16\results\modern_tcn_metric_rebuild\39_paper_final_frozen_benchmark\01_A1_algorithm_comparison\04_closed_loop\raw\tcn_22d\seed42\path_closed_loop_sharp_turn_transition_theta10_v1\tcn_22d_seed42_out.mat,E:\Matlab\Simulink\S-Function_16\results\modern_tcn_metric_rebuild\39_paper_final_frozen_benchmark\01_A1_algorithm_comparison\04_closed_loop\raw\tcn_22d\seed42\path_closed_loop_sharp_turn_transition_theta10_v1\a1_tcn_22d_seed42_summary.csv,complete,,20260716T231457,20260716T231556
tcn_22d,42,p03_long_updown,path_closed_loop_long_updown_theta10_v1,E:\Matlab\Simulink\S-Function_16\data\paths\path_closed_loop_long_updown_theta10_v1.mat,E:\Matlab\Simulink\S-Function_16\results\modern_tcn_metric_rebuild\39_paper_final_frozen_benchmark\01_A1_algorithm_comparison\02_models\models\TCN_model_a1_tcn_v5_plantfix_passive17_plus_all5_seed42.mat,E:\Matlab\Simulink\S-Function_16\results\modern_tcn_metric_rebuild\39_paper_final_frozen_benchmark\01_A1_algorithm_comparison\02_models\models\TCN_meta_a1_tcn_v5_plantfix_passive17_plus_all5_seed42.mat,E:\Matlab\Simulink\S-Function_16\results\modern_tcn_metric_rebuild\32_four_algorithm_10seed_closed_loop\02_modern_fixed_full_closed_loop\path_closed_loop_long_updown_theta10_v1\modern_fixed_seed42_out.mat,E:\Matlab\Simulink\S-Function_16\results\modern_tcn_metric_rebuild\39_paper_final_frozen_benchmark\01_A1_algorithm_comparison\04_closed_loop\raw\tcn_22d\seed42\path_closed_loop_long_updown_theta10_v1\tcn_22d_seed42_out.mat,E:\Matlab\Simulink\S-Function_16\results\modern_tcn_metric_rebuild\39_paper_final_frozen_benchmark\01_A1_algorithm_comparison\04_closed_loop\raw\tcn_22d\seed42\path_closed_loop_long_updown_theta10_v1\a1_tcn_22d_seed42_summary.csv,complete,,20260716T231556,20260716T231646
tcn_22d,42,p04_soft_updown_straight_turn,path_modern_tcn_showcase_candidate_soft_updown_straight_turn_v1,E:\Matlab\Simulink\S-Function_16\data\paths\modern_tcn_showcase\candidates\path_modern_tcn_showcase_candidate_soft_updown_straight_turn_v1.mat,E:\Matlab\Simulink\S-Function_16\results\modern_tcn_metric_rebuild\39_paper_final_frozen_benchmark\01_A1_algorithm_comparison\02_models\models\TCN_model_a1_tcn_v5_plantfix_passive17_plus_all5_seed42.mat,E:\Matlab\Simulink\S-Function_16\results\modern_tcn_metric_rebuild\39_paper_final_frozen_benchmark\01_A1_algorithm_comparison\02_models\models\TCN_meta_a1_tcn_v5_plantfix_passive17_plus_all5_seed42.mat,E:\Matlab\Simulink\S-Function_16\results\modern_tcn_metric_rebuild\32_four_algorithm_10seed_closed_loop\02_modern_fixed_full_closed_loop\path_modern_tcn_showcase_candidate_soft_updown_straight_turn_v1\modern_fixed_seed42_out.mat,E:\Matlab\Simulink\S-Function_16\results\modern_tcn_metric_rebuild\39_paper_final_frozen_benchmark\01_A1_algorithm_comparison\04_closed_loop\raw\tcn_22d\seed42\path_modern_tcn_showcase_candidate_soft_updown_straight_turn_v1\tcn_22d_seed42_out.mat,E:\Matlab\Simulink\S-Function_16\results\modern_tcn_metric_rebuild\39_paper_final_frozen_benchmark\01_A1_algorithm_comparison\04_closed_loop\raw\tcn_22d\seed42\path_modern_tcn_showcase_candidate_soft_updown_straight_turn_v1\a1_tcn_22d_seed42_summary.csv,complete,,20260716T231646,20260716T231749
tcn_22d,42,p05_factory_flat_logistics,path_modern_tcn_showcase_candidate_factory_flat_logistics_safe_190_v1,E:\Matlab\Simulink\S-Function_16\data\paths\modern_tcn_showcase\candidates\path_modern_tcn_showcase_candidate_factory_flat_logistics_safe_190_v1.mat,E:\Matlab\Simulink\S-Function_16\results\modern_tcn_metric_rebuild\39_paper_final_frozen_benchmark\01_A1_algorithm_comparison\02_models\models\TCN_model_a1_tcn_v5_plantfix_passive17_plus_all5_seed42.mat,E:\Matlab\Simulink\S-Function_16\results\modern_tcn_metric_rebuild\39_paper_final_frozen_benchmark\01_A1_algorithm_comparison\02_models\models\TCN_meta_a1_tcn_v5_plantfix_passive17_plus_all5_seed42.mat,E:\Matlab\Simulink\S-Function_16\results\modern_tcn_metric_rebuild\32_four_algorithm_10seed_closed_loop\02_modern_fixed_full_closed_loop\path_modern_tcn_showcase_candidate_factory_flat_logistics_safe_190_v1\modern_fixed_seed42_out.mat,E:\Matlab\Simulink\S-Function_16\results\modern_tcn_metric_rebuild\39_paper_final_frozen_benchmark\01_A1_algorithm_comparison\04_closed_loop\raw\tcn_22d\seed42\path_modern_tcn_showcase_candidate_factory_flat_logistics_safe_190_v1\tcn_22d_seed42_out.mat,E:\Matlab\Simulink\S-Function_16\results\modern_tcn_metric_rebuild\39_paper_final_frozen_benchmark\01_A1_algorithm_comparison\04_closed_loop\raw\tcn_22d\seed42\path_modern_tcn_showcase_candidate_factory_flat_logistics_safe_190_v1\a1_tcn_22d_seed42_summary.csv,complete,,20260716T231749,20260716T232109
tcn_22d,42,p06_downhill_after_turn,path_factory_target_downhill_straight_after_turn_v1,E:\Matlab\Simulink\S-Function_16\data\paths\factory_targeted_eval\path_factory_target_downhill_straight_after_turn_v1.mat,E:\Matlab\Simulink\S-Function_16\results\modern_tcn_metric_rebuild\39_paper_final_frozen_benchmark\01_A1_algorithm_comparison\02_models\models\TCN_model_a1_tcn_v5_plantfix_passive17_plus_all5_seed42.mat,E:\Matlab\Simulink\S-Function_16\results\modern_tcn_metric_rebuild\39_paper_final_frozen_benchmark\01_A1_algorithm_comparison\02_models\models\TCN_meta_a1_tcn_v5_plantfix_passive17_plus_all5_seed42.mat,E:\Matlab\Simulink\S-Function_16\results\modern_tcn_metric_rebuild\32_four_algorithm_10seed_closed_loop\02_modern_fixed_full_closed_loop\path_factory_target_downhill_straight_after_turn_v1\modern_fixed_seed42_out.mat,E:\Matlab\Simulink\S-Function_16\results\modern_tcn_metric_rebuild\39_paper_final_frozen_benchmark\01_A1_algorithm_comparison\04_closed_loop\raw\tcn_22d\seed42\path_factory_target_downhill_straight_after_turn_v1\tcn_22d_seed42_out.mat,E:\Matlab\Simulink\S-Function_16\results\modern_tcn_metric_rebuild\39_paper_final_frozen_benchmark\01_A1_algorithm_comparison\04_closed_loop\raw\tcn_22d\seed42\path_factory_target_downhill_straight_after_turn_v1\a1_tcn_22d_seed42_summary.csv,complete,,20260716T232109,20260716T232153
tcn_22d,73,p01_factory_logistics_showcase,path_factory_logistics_showcase_theta10_v10,E:\Matlab\Simulink\S-Function_16\data\paths\path_factory_logistics_showcase_theta10_v10.mat,E:\Matlab\Simulink\S-Function_16\results\paper\agv_model_parameter_correction_workflow\08_models\models\TCN_model_full_tcn_v5_plantfix_passive17_plus_all5_seed73.mat,E:\Matlab\Simulink\S-Function_16\results\paper\agv_model_parameter_correction_workflow\08_models\models\TCN_meta_full_tcn_v5_plantfix_passive17_plus_all5_seed73.mat,E:\Matlab\Simulink\S-Function_16\results\modern_tcn_metric_rebuild\32_four_algorithm_10seed_closed_loop\02_modern_fixed_full_closed_loop\path_factory_logistics_showcase_theta10_v10\modern_fixed_seed73_out.mat,E:\Matlab\Simulink\S-Function_16\results\modern_tcn_metric_rebuild\39_paper_final_frozen_benchmark\01_A1_algorithm_comparison\04_closed_loop\raw\tcn_22d\seed73\path_factory_logistics_showcase_theta10_v10\tcn_22d_seed73_out.mat,E:\Matlab\Simulink\S-Function_16\results\modern_tcn_metric_rebuild\39_paper_final_frozen_benchmark\01_A1_algorithm_comparison\04_closed_loop\raw\tcn_22d\seed73\path_factory_logistics_showcase_theta10_v10\a1_tcn_22d_seed73_summary.csv,complete,,20260716T232153,20260716T232620
tcn_22d,73,p02_sharp_turn_transition,path_closed_loop_sharp_turn_transition_theta10_v1,E:\Matlab\Simulink\S-Function_16\data\paths\path_closed_loop_sharp_turn_transition_theta10_v1.mat,E:\Matlab\Simulink\S-Function_16\results\paper\agv_model_parameter_correction_workflow\08_models\models\TCN_model_full_tcn_v5_plantfix_passive17_plus_all5_seed73.mat,E:\Matlab\Simulink\S-Function_16\results\paper\agv_model_parameter_correction_workflow\08_models\models\TCN_meta_full_tcn_v5_plantfix_passive17_plus_all5_seed73.mat,E:\Matlab\Simulink\S-Function_16\results\modern_tcn_metric_rebuild\32_four_algorithm_10seed_closed_loop\02_modern_fixed_full_closed_loop\path_closed_loop_sharp_turn_transition_theta10_v1\modern_fixed_seed73_out.mat,E:\Matlab\Simulink\S-Function_16\results\modern_tcn_metric_rebuild\39_paper_final_frozen_benchmark\01_A1_algorithm_comparison\04_closed_loop\raw\tcn_22d\seed73\path_closed_loop_sharp_turn_transition_theta10_v1\tcn_22d_seed73_out.mat,E:\Matlab\Simulink\S-Function_16\results\modern_tcn_metric_rebuild\39_paper_final_frozen_benchmark\01_A1_algorithm_comparison\04_closed_loop\raw\tcn_22d\seed73\path_closed_loop_sharp_turn_transition_theta10_v1\a1_tcn_22d_seed73_summary.csv,complete,,20260716T232620,20260716T232719
tcn_22d,73,p03_long_updown,path_closed_loop_long_updown_theta10_v1,E:\Matlab\Simulink\S-Function_16\data\paths\path_closed_loop_long_updown_theta10_v1.mat,E:\Matlab\Simulink\S-Function_16\results\paper\agv_model_parameter_correction_workflow\08_models\models\TCN_model_full_tcn_v5_plantfix_passive17_plus_all5_seed73.mat,E:\Matlab\Simulink\S-Function_16\results\paper\agv_model_parameter_correction_workflow\08_models\models\TCN_meta_full_tcn_v5_plantfix_passive17_plus_all5_seed73.mat,E:\Matlab\Simulink\S-Function_16\results\modern_tcn_metric_rebuild\32_four_algorithm_10seed_closed_loop\02_modern_fixed_full_closed_loop\path_closed_loop_long_updown_theta10_v1\modern_fixed_seed73_out.mat,E:\Matlab\Simulink\S-Function_16\results\modern_tcn_metric_rebuild\39_paper_final_frozen_benchmark\01_A1_algorithm_comparison\04_closed_loop\raw\tcn_22d\seed73\path_closed_loop_long_updown_theta10_v1\tcn_22d_seed73_out.mat,E:\Matlab\Simulink\S-Function_16\results\modern_tcn_metric_rebuild\39_paper_final_frozen_benchmark\01_A1_algorithm_comparison\04_closed_loop\raw\tcn_22d\seed73\path_closed_loop_long_updown_theta10_v1\a1_tcn_22d_seed73_summary.csv,complete,,20260716T232719,20260716T232809
tcn_22d,73,p04_soft_updown_straight_turn,path_modern_tcn_showcase_candidate_soft_updown_straight_turn_v1,E:\Matlab\Simulink\S-Function_16\data\paths\modern_tcn_showcase\candidates\path_modern_tcn_showcase_candidate_soft_updown_straight_turn_v1.mat,E:\Matlab\Simulink\S-Function_16\results\paper\agv_model_parameter_correction_workflow\08_models\models\TCN_model_full_tcn_v5_plantfix_passive17_plus_all5_seed73.mat,E:\Matlab\Simulink\S-Function_16\results\paper\agv_model_parameter_correction_workflow\08_models\models\TCN_meta_full_tcn_v5_plantfix_passive17_plus_all5_seed73.mat,E:\Matlab\Simulink\S-Function_16\results\modern_tcn_metric_rebuild\32_four_algorithm_10seed_closed_loop\02_modern_fixed_full_closed_loop\path_modern_tcn_showcase_candidate_soft_updown_straight_turn_v1\modern_fixed_seed73_out.mat,E:\Matlab\Simulink\S-Function_16\results\modern_tcn_metric_rebuild\39_paper_final_frozen_benchmark\01_A1_algorithm_comparison\04_closed_loop\raw\tcn_22d\seed73\path_modern_tcn_showcase_candidate_soft_updown_straight_turn_v1\tcn_22d_seed73_out.mat,E:\Matlab\Simulink\S-Function_16\results\modern_tcn_metric_rebuild\39_paper_final_frozen_benchmark\01_A1_algorithm_comparison\04_closed_loop\raw\tcn_22d\seed73\path_modern_tcn_showcase_candidate_soft_updown_straight_turn_v1\a1_tcn_22d_seed73_summary.csv,complete,,20260716T232809,20260716T232910
tcn_22d,73,p05_factory_flat_logistics,path_modern_tcn_showcase_candidate_factory_flat_logistics_safe_190_v1,E:\Matlab\Simulink\S-Function_16\data\paths\modern_tcn_showcase\candidates\path_modern_tcn_showcase_candidate_factory_flat_logistics_safe_190_v1.mat,E:\Matlab\Simulink\S-Function_16\results\paper\agv_model_parameter_correction_workflow\08_models\models\TCN_model_full_tcn_v5_plantfix_passive17_plus_all5_seed73.mat,E:\Matlab\Simulink\S-Function_16\results\paper\agv_model_parameter_correction_workflow\08_models\models\TCN_meta_full_tcn_v5_plantfix_passive17_plus_all5_seed73.mat,E:\Matlab\Simulink\S-Function_16\results\modern_tcn_metric_rebuild\32_four_algorithm_10seed_closed_loop\02_modern_fixed_full_closed_loop\path_modern_tcn_showcase_candidate_factory_flat_logistics_safe_190_v1\modern_fixed_seed73_out.mat,E:\Matlab\Simulink\S-Function_16\results\modern_tcn_metric_rebuild\39_paper_final_frozen_benchmark\01_A1_algorithm_comparison\04_closed_loop\raw\tcn_22d\seed73\path_modern_tcn_showcase_candidate_factory_flat_logistics_safe_190_v1\tcn_22d_seed73_out.mat,E:\Matlab\Simulink\S-Function_16\results\modern_tcn_metric_rebuild\39_paper_final_frozen_benchmark\01_A1_algorithm_comparison\04_closed_loop\raw\tcn_22d\seed73\path_modern_tcn_showcase_candidate_factory_flat_logistics_safe_190_v1\a1_tcn_22d_seed73_summary.csv,complete,,20260716T232910,20260716T233230
tcn_22d,73,p06_downhill_after_turn,path_factory_target_downhill_straight_after_turn_v1,E:\Matlab\Simulink\S-Function_16\data\paths\factory_targeted_eval\path_factory_target_downhill_straight_after_turn_v1.mat,E:\Matlab\Simulink\S-Function_16\results\paper\agv_model_parameter_correction_workflow\08_models\models\TCN_model_full_tcn_v5_plantfix_passive17_plus_all5_seed73.mat,E:\Matlab\Simulink\S-Function_16\results\paper\agv_model_parameter_correction_workflow\08_models\models\TCN_meta_full_tcn_v5_plantfix_passive17_plus_all5_seed73.mat,E:\Matlab\Simulink\S-Function_16\results\modern_tcn_metric_rebuild\32_four_algorithm_10seed_closed_loop\02_modern_fixed_full_closed_loop\path_factory_target_downhill_straight_after_turn_v1\modern_fixed_seed73_out.mat,E:\Matlab\Simulink\S-Function_16\results\modern_tcn_metric_rebuild\39_paper_final_frozen_benchmark\01_A1_algorithm_comparison\04_closed_loop\raw\tcn_22d\seed73\path_factory_target_downhill_straight_after_turn_v1\tcn_22d_seed73_out.mat,E:\Matlab\Simulink\S-Function_16\results\modern_tcn_metric_rebuild\39_paper_final_frozen_benchmark\01_A1_algorithm_comparison\04_closed_loop\raw\tcn_22d\seed73\path_factory_target_downhill_straight_after_turn_v1\a1_tcn_22d_seed73_summary.csv,complete,,20260716T233230,20260716T233314
tcn_22d,101,p01_factory_logistics_showcase,path_factory_logistics_showcase_theta10_v10,E:\Matlab\Simulink\S-Function_16\data\paths\path_factory_logistics_showcase_theta10_v10.mat,E:\Matlab\Simulink\S-Function_16\results\paper\agv_model_parameter_correction_workflow\08_models\models\TCN_model_full_tcn_v5_plantfix_passive17_plus_all5_seed101.mat,E:\Matlab\Simulink\S-Function_16\results\paper\agv_model_parameter_correction_workflow\08_models\models\TCN_meta_full_tcn_v5_plantfix_passive17_plus_all5_seed101.mat,E:\Matlab\Simulink\S-Function_16\results\modern_tcn_metric_rebuild\32_four_algorithm_10seed_closed_loop\02_modern_fixed_full_closed_loop\path_factory_logistics_showcase_theta10_v10\modern_fixed_seed101_out.mat,E:\Matlab\Simulink\S-Function_16\results\modern_tcn_metric_rebuild\39_paper_final_frozen_benchmark\01_A1_algorithm_comparison\04_closed_loop\raw\tcn_22d\seed101\path_factory_logistics_showcase_theta10_v10\tcn_22d_seed101_out.mat,E:\Matlab\Simulink\S-Function_16\results\modern_tcn_metric_rebuild\39_paper_final_frozen_benchmark\01_A1_algorithm_comparison\04_closed_loop\raw\tcn_22d\seed101\path_factory_logistics_showcase_theta10_v10\a1_tcn_22d_seed101_summary.csv,complete,,20260716T233314,20260716T233745
tcn_22d,101,p02_sharp_turn_transition,path_closed_loop_sharp_turn_transition_theta10_v1,E:\Matlab\Simulink\S-Function_16\data\paths\path_closed_loop_sharp_turn_transition_theta10_v1.mat,E:\Matlab\Simulink\S-Function_16\results\paper\agv_model_parameter_correction_workflow\08_models\models\TCN_model_full_tcn_v5_plantfix_passive17_plus_all5_seed101.mat,E:\Matlab\Simulink\S-Function_16\results\paper\agv_model_parameter_correction_workflow\08_models\models\TCN_meta_full_tcn_v5_plantfix_passive17_plus_all5_seed101.mat,E:\Matlab\Simulink\S-Function_16\results\modern_tcn_metric_rebuild\32_four_algorithm_10seed_closed_loop\02_modern_fixed_full_closed_loop\path_closed_loop_sharp_turn_transition_theta10_v1\modern_fixed_seed101_out.mat,E:\Matlab\Simulink\S-Function_16\results\modern_tcn_metric_rebuild\39_paper_final_frozen_benchmark\01_A1_algorithm_comparison\04_closed_loop\raw\tcn_22d\seed101\path_closed_loop_sharp_turn_transition_theta10_v1\tcn_22d_seed101_out.mat,E:\Matlab\Simulink\S-Function_16\results\modern_tcn_metric_rebuild\39_paper_final_frozen_benchmark\01_A1_algorithm_comparison\04_closed_loop\raw\tcn_22d\seed101\path_closed_loop_sharp_turn_transition_theta10_v1\a1_tcn_22d_seed101_summary.csv,complete,,20260716T233745,20260716T233843
tcn_22d,101,p03_long_updown,path_closed_loop_long_updown_theta10_v1,E:\Matlab\Simulink\S-Function_16\data\paths\path_closed_loop_long_updown_theta10_v1.mat,E:\Matlab\Simulink\S-Function_16\results\paper\agv_model_parameter_correction_workflow\08_models\models\TCN_model_full_tcn_v5_plantfix_passive17_plus_all5_seed101.mat,E:\Matlab\Simulink\S-Function_16\results\paper\agv_model_parameter_correction_workflow\08_models\models\TCN_meta_full_tcn_v5_plantfix_passive17_plus_all5_seed101.mat,E:\Matlab\Simulink\S-Function_16\results\modern_tcn_metric_rebuild\32_four_algorithm_10seed_closed_loop\02_modern_fixed_full_closed_loop\path_closed_loop_long_updown_theta10_v1\modern_fixed_seed101_out.mat,E:\Matlab\Simulink\S-Function_16\results\modern_tcn_metric_rebuild\39_paper_final_frozen_benchmark\01_A1_algorithm_comparison\04_closed_loop\raw\tcn_22d\seed101\path_closed_loop_long_updown_theta10_v1\tcn_22d_seed101_out.mat,E:\Matlab\Simulink\S-Function_16\results\modern_tcn_metric_rebuild\39_paper_final_frozen_benchmark\01_A1_algorithm_comparison\04_closed_loop\raw\tcn_22d\seed101\path_closed_loop_long_updown_theta10_v1\a1_tcn_22d_seed101_summary.csv,complete,,20260716T233843,20260716T233934
tcn_22d,101,p04_soft_updown_straight_turn,path_modern_tcn_showcase_candidate_soft_updown_straight_turn_v1,E:\Matlab\Simulink\S-Function_16\data\paths\modern_tcn_showcase\candidates\path_modern_tcn_showcase_candidate_soft_updown_straight_turn_v1.mat,E:\Matlab\Simulink\S-Function_16\results\paper\agv_model_parameter_correction_workflow\08_models\models\TCN_model_full_tcn_v5_plantfix_passive17_plus_all5_seed101.mat,E:\Matlab\Simulink\S-Function_16\results\paper\agv_model_parameter_correction_workflow\08_models\models\TCN_meta_full_tcn_v5_plantfix_passive17_plus_all5_seed101.mat,E:\Matlab\Simulink\S-Function_16\results\modern_tcn_metric_rebuild\32_four_algorithm_10seed_closed_loop\02_modern_fixed_full_closed_loop\path_modern_tcn_showcase_candidate_soft_updown_straight_turn_v1\modern_fixed_seed101_out.mat,E:\Matlab\Simulink\S-Function_16\results\modern_tcn_metric_rebuild\39_paper_final_frozen_benchmark\01_A1_algorithm_comparison\04_closed_loop\raw\tcn_22d\seed101\path_modern_tcn_showcase_candidate_soft_updown_straight_turn_v1\tcn_22d_seed101_out.mat,E:\Matlab\Simulink\S-Function_16\results\modern_tcn_metric_rebuild\39_paper_final_frozen_benchmark\01_A1_algorithm_comparison\04_closed_loop\raw\tcn_22d\seed101\path_modern_tcn_showcase_candidate_soft_updown_straight_turn_v1\a1_tcn_22d_seed101_summary.csv,complete,,20260716T233934,20260716T234036
tcn_22d,101,p05_factory_flat_logistics,path_modern_tcn_showcase_candidate_factory_flat_logistics_safe_190_v1,E:\Matlab\Simulink\S-Function_16\data\paths\modern_tcn_showcase\candidates\path_modern_tcn_showcase_candidate_factory_flat_logistics_safe_190_v1.mat,E:\Matlab\Simulink\S-Function_16\results\paper\agv_model_parameter_correction_workflow\08_models\models\TCN_model_full_tcn_v5_plantfix_passive17_plus_all5_seed101.mat,E:\Matlab\Simulink\S-Function_16\results\paper\agv_model_parameter_correction_workflow\08_models\models\TCN_meta_full_tcn_v5_plantfix_passive17_plus_all5_seed101.mat,E:\Matlab\Simulink\S-Function_16\results\modern_tcn_metric_rebuild\32_four_algorithm_10seed_closed_loop\02_modern_fixed_full_closed_loop\path_modern_tcn_showcase_candidate_factory_flat_logistics_safe_190_v1\modern_fixed_seed101_out.mat,E:\Matlab\Simulink\S-Function_16\results\modern_tcn_metric_rebuild\39_paper_final_frozen_benchmark\01_A1_algorithm_comparison\04_closed_loop\raw\tcn_22d\seed101\path_modern_tcn_showcase_candidate_factory_flat_logistics_safe_190_v1\tcn_22d_seed101_out.mat,E:\Matlab\Simulink\S-Function_16\results\modern_tcn_metric_rebuild\39_paper_final_frozen_benchmark\01_A1_algorithm_comparison\04_closed_loop\raw\tcn_22d\seed101\path_modern_tcn_showcase_candidate_factory_flat_logistics_safe_190_v1\a1_tcn_22d_seed101_summary.csv,complete,,20260716T234036,20260716T234356
tcn_22d,101,p06_downhill_after_turn,path_factory_target_downhill_straight_after_turn_v1,E:\Matlab\Simulink\S-Function_16\data\paths\factory_targeted_eval\path_factory_target_downhill_straight_after_turn_v1.mat,E:\Matlab\Simulink\S-Function_16\results\paper\agv_model_parameter_correction_workflow\08_models\models\TCN_model_full_tcn_v5_plantfix_passive17_plus_all5_seed101.mat,E:\Matlab\Simulink\S-Function_16\results\paper\agv_model_parameter_correction_workflow\08_models\models\TCN_meta_full_tcn_v5_plantfix_passive17_plus_all5_seed101.mat,E:\Matlab\Simulink\S-Function_16\results\modern_tcn_metric_rebuild\32_four_algorithm_10seed_closed_loop\02_modern_fixed_full_closed_loop\path_factory_target_downhill_straight_after_turn_v1\modern_fixed_seed101_out.mat,E:\Matlab\Simulink\S-Function_16\results\modern_tcn_metric_rebuild\39_paper_final_frozen_benchmark\01_A1_algorithm_comparison\04_closed_loop\raw\tcn_22d\seed101\path_factory_target_downhill_straight_after_turn_v1\tcn_22d_seed101_out.mat,E:\Matlab\Simulink\S-Function_16\results\modern_tcn_metric_rebuild\39_paper_final_frozen_benchmark\01_A1_algorithm_comparison\04_closed_loop\raw\tcn_22d\seed101\path_factory_target_downhill_straight_after_turn_v1\a1_tcn_22d_seed101_summary.csv,complete,,20260716T234356,20260716T234438
tcn_22d,202,p01_factory_logistics_showcase,path_factory_logistics_showcase_theta10_v10,E:\Matlab\Simulink\S-Function_16\data\paths\path_factory_logistics_showcase_theta10_v10.mat,E:\Matlab\Simulink\S-Function_16\results\modern_tcn_metric_rebuild\39_paper_final_frozen_benchmark\01_A1_algorithm_comparison\02_models\models\TCN_model_a1_tcn_v5_plantfix_passive17_plus_all5_seed202.mat,E:\Matlab\Simulink\S-Function_16\results\modern_tcn_metric_rebuild\39_paper_final_frozen_benchmark\01_A1_algorithm_comparison\02_models\models\TCN_meta_a1_tcn_v5_plantfix_passive17_plus_all5_seed202.mat,E:\Matlab\Simulink\S-Function_16\results\modern_tcn_metric_rebuild\32_four_algorithm_10seed_closed_loop\02_modern_fixed_full_closed_loop\path_factory_logistics_showcase_theta10_v10\modern_fixed_seed202_out.mat,E:\Matlab\Simulink\S-Function_16\results\modern_tcn_metric_rebuild\39_paper_final_frozen_benchmark\01_A1_algorithm_comparison\04_closed_loop\raw\tcn_22d\seed202\path_factory_logistics_showcase_theta10_v10\tcn_22d_seed202_out.mat,E:\Matlab\Simulink\S-Function_16\results\modern_tcn_metric_rebuild\39_paper_final_frozen_benchmark\01_A1_algorithm_comparison\04_closed_loop\raw\tcn_22d\seed202\path_factory_logistics_showcase_theta10_v10\a1_tcn_22d_seed202_summary.csv,complete,,20260716T234438,20260716T234853
tcn_22d,202,p02_sharp_turn_transition,path_closed_loop_sharp_turn_transition_theta10_v1,E:\Matlab\Simulink\S-Function_16\data\paths\path_closed_loop_sharp_turn_transition_theta10_v1.mat,E:\Matlab\Simulink\S-Function_16\results\modern_tcn_metric_rebuild\39_paper_final_frozen_benchmark\01_A1_algorithm_comparison\02_models\models\TCN_model_a1_tcn_v5_plantfix_passive17_plus_all5_seed202.mat,E:\Matlab\Simulink\S-Function_16\results\modern_tcn_metric_rebuild\39_paper_final_frozen_benchmark\01_A1_algorithm_comparison\02_models\models\TCN_meta_a1_tcn_v5_plantfix_passive17_plus_all5_seed202.mat,E:\Matlab\Simulink\S-Function_16\results\modern_tcn_metric_rebuild\32_four_algorithm_10seed_closed_loop\02_modern_fixed_full_closed_loop\path_closed_loop_sharp_turn_transition_theta10_v1\modern_fixed_seed202_out.mat,E:\Matlab\Simulink\S-Function_16\results\modern_tcn_metric_rebuild\39_paper_final_frozen_benchmark\01_A1_algorithm_comparison\04_closed_loop\raw\tcn_22d\seed202\path_closed_loop_sharp_turn_transition_theta10_v1\tcn_22d_seed202_out.mat,E:\Matlab\Simulink\S-Function_16\results\modern_tcn_metric_rebuild\39_paper_final_frozen_benchmark\01_A1_algorithm_comparison\04_closed_loop\raw\tcn_22d\seed202\path_closed_loop_sharp_turn_transition_theta10_v1\a1_tcn_22d_seed202_summary.csv,complete,,20260716T234853,20260716T234948
tcn_22d,202,p03_long_updown,path_closed_loop_long_updown_theta10_v1,E:\Matlab\Simulink\S-Function_16\data\paths\path_closed_loop_long_updown_theta10_v1.mat,E:\Matlab\Simulink\S-Function_16\results\modern_tcn_metric_rebuild\39_paper_final_frozen_benchmark\01_A1_algorithm_comparison\02_models\models\TCN_model_a1_tcn_v5_plantfix_passive17_plus_all5_seed202.mat,E:\Matlab\Simulink\S-Function_16\results\modern_tcn_metric_rebuild\39_paper_final_frozen_benchmark\01_A1_algorithm_comparison\02_models\models\TCN_meta_a1_tcn_v5_plantfix_passive17_plus_all5_seed202.mat,E:\Matlab\Simulink\S-Function_16\results\modern_tcn_metric_rebuild\32_four_algorithm_10seed_closed_loop\02_modern_fixed_full_closed_loop\path_closed_loop_long_updown_theta10_v1\modern_fixed_seed202_out.mat,E:\Matlab\Simulink\S-Function_16\results\modern_tcn_metric_rebuild\39_paper_final_frozen_benchmark\01_A1_algorithm_comparison\04_closed_loop\raw\tcn_22d\seed202\path_closed_loop_long_updown_theta10_v1\tcn_22d_seed202_out.mat,E:\Matlab\Simulink\S-Function_16\results\modern_tcn_metric_rebuild\39_paper_final_frozen_benchmark\01_A1_algorithm_comparison\04_closed_loop\raw\tcn_22d\seed202\path_closed_loop_long_updown_theta10_v1\a1_tcn_22d_seed202_summary.csv,complete,,20260716T234948,20260716T235034
tcn_22d,202,p04_soft_updown_straight_turn,path_modern_tcn_showcase_candidate_soft_updown_straight_turn_v1,E:\Matlab\Simulink\S-Function_16\data\paths\modern_tcn_showcase\candidates\path_modern_tcn_showcase_candidate_soft_updown_straight_turn_v1.mat,E:\Matlab\Simulink\S-Function_16\results\modern_tcn_metric_rebuild\39_paper_final_frozen_benchmark\01_A1_algorithm_comparison\02_models\models\TCN_model_a1_tcn_v5_plantfix_passive17_plus_all5_seed202.mat,E:\Matlab\Simulink\S-Function_16\results\modern_tcn_metric_rebuild\39_paper_final_frozen_benchmark\01_A1_algorithm_comparison\02_models\models\TCN_meta_a1_tcn_v5_plantfix_passive17_plus_all5_seed202.mat,E:\Matlab\Simulink\S-Function_16\results\modern_tcn_metric_rebuild\32_four_algorithm_10seed_closed_loop\02_modern_fixed_full_closed_loop\path_modern_tcn_showcase_candidate_soft_updown_straight_turn_v1\modern_fixed_seed202_out.mat,E:\Matlab\Simulink\S-Function_16\results\modern_tcn_metric_rebuild\39_paper_final_frozen_benchmark\01_A1_algorithm_comparison\04_closed_loop\raw\tcn_22d\seed202\path_modern_tcn_showcase_candidate_soft_updown_straight_turn_v1\tcn_22d_seed202_out.mat,E:\Matlab\Simulink\S-Function_16\results\modern_tcn_metric_rebuild\39_paper_final_frozen_benchmark\01_A1_algorithm_comparison\04_closed_loop\raw\tcn_22d\seed202\path_modern_tcn_showcase_candidate_soft_updown_straight_turn_v1\a1_tcn_22d_seed202_summary.csv,complete,,20260716T235034,20260716T235130
tcn_22d,202,p05_factory_flat_logistics,path_modern_tcn_showcase_candidate_factory_flat_logistics_safe_190_v1,E:\Matlab\Simulink\S-Function_16\data\paths\modern_tcn_showcase\candidates\path_modern_tcn_showcase_candidate_factory_flat_logistics_safe_190_v1.mat,E:\Matlab\Simulink\S-Function_16\results\modern_tcn_metric_rebuild\39_paper_final_frozen_benchmark\01_A1_algorithm_comparison\02_models\models\TCN_model_a1_tcn_v5_plantfix_passive17_plus_all5_seed202.mat,E:\Matlab\Simulink\S-Function_16\results\modern_tcn_metric_rebuild\39_paper_final_frozen_benchmark\01_A1_algorithm_comparison\02_models\models\TCN_meta_a1_tcn_v5_plantfix_passive17_plus_all5_seed202.mat,E:\Matlab\Simulink\S-Function_16\results\modern_tcn_metric_rebuild\32_four_algorithm_10seed_closed_loop\02_modern_fixed_full_closed_loop\path_modern_tcn_showcase_candidate_factory_flat_logistics_safe_190_v1\modern_fixed_seed202_out.mat,E:\Matlab\Simulink\S-Function_16\results\modern_tcn_metric_rebuild\39_paper_final_frozen_benchmark\01_A1_algorithm_comparison\04_closed_loop\raw\tcn_22d\seed202\path_modern_tcn_showcase_candidate_factory_flat_logistics_safe_190_v1\tcn_22d_seed202_out.mat,E:\Matlab\Simulink\S-Function_16\results\modern_tcn_metric_rebuild\39_paper_final_frozen_benchmark\01_A1_algorithm_comparison\04_closed_loop\raw\tcn_22d\seed202\path_modern_tcn_showcase_candidate_factory_flat_logistics_safe_190_v1\a1_tcn_22d_seed202_summary.csv,complete,,20260716T235130,20260716T235431
tcn_22d,202,p06_downhill_after_turn,path_factory_target_downhill_straight_after_turn_v1,E:\Matlab\Simulink\S-Function_16\data\paths\factory_targeted_eval\path_factory_target_downhill_straight_after_turn_v1.mat,E:\Matlab\Simulink\S-Function_16\results\modern_tcn_metric_rebuild\39_paper_final_frozen_benchmark\01_A1_algorithm_comparison\02_models\models\TCN_model_a1_tcn_v5_plantfix_passive17_plus_all5_seed202.mat,E:\Matlab\Simulink\S-Function_16\results\modern_tcn_metric_rebuild\39_paper_final_frozen_benchmark\01_A1_algorithm_comparison\02_models\models\TCN_meta_a1_tcn_v5_plantfix_passive17_plus_all5_seed202.mat,E:\Matlab\Simulink\S-Function_16\results\modern_tcn_metric_rebuild\32_four_algorithm_10seed_closed_loop\02_modern_fixed_full_closed_loop\path_factory_target_downhill_straight_after_turn_v1\modern_fixed_seed202_out.mat,E:\Matlab\Simulink\S-Function_16\results\modern_tcn_metric_rebuild\39_paper_final_frozen_benchmark\01_A1_algorithm_comparison\04_closed_loop\raw\tcn_22d\seed202\path_factory_target_downhill_straight_after_turn_v1\tcn_22d_seed202_out.mat,E:\Matlab\Simulink\S-Function_16\results\modern_tcn_metric_rebuild\39_paper_final_frozen_benchmark\01_A1_algorithm_comparison\04_closed_loop\raw\tcn_22d\seed202\path_factory_target_downhill_straight_after_turn_v1\a1_tcn_22d_seed202_summary.csv,complete,,20260716T235431,20260716T235511
tcn_22d,340,p01_factory_logistics_showcase,path_factory_logistics_showcase_theta10_v10,E:\Matlab\Simulink\S-Function_16\data\paths\path_factory_logistics_showcase_theta10_v10.mat,E:\Matlab\Simulink\S-Function_16\results\modern_tcn_metric_rebuild\39_paper_final_frozen_benchmark\01_A1_algorithm_comparison\02_models\models\TCN_model_a1_tcn_v5_plantfix_passive17_plus_all5_seed340.mat,E:\Matlab\Simulink\S-Function_16\results\modern_tcn_metric_rebuild\39_paper_final_frozen_benchmark\01_A1_algorithm_comparison\02_models\models\TCN_meta_a1_tcn_v5_plantfix_passive17_plus_all5_seed340.mat,E:\Matlab\Simulink\S-Function_16\results\modern_tcn_metric_rebuild\32_four_algorithm_10seed_closed_loop\02_modern_fixed_full_closed_loop\path_factory_logistics_showcase_theta10_v10\modern_fixed_seed340_out.mat,E:\Matlab\Simulink\S-Function_16\results\modern_tcn_metric_rebuild\39_paper_final_frozen_benchmark\01_A1_algorithm_comparison\04_closed_loop\raw\tcn_22d\seed340\path_factory_logistics_showcase_theta10_v10\tcn_22d_seed340_out.mat,E:\Matlab\Simulink\S-Function_16\results\modern_tcn_metric_rebuild\39_paper_final_frozen_benchmark\01_A1_algorithm_comparison\04_closed_loop\raw\tcn_22d\seed340\path_factory_logistics_showcase_theta10_v10\a1_tcn_22d_seed340_summary.csv,complete,,20260716T235511,20260716T235903
tcn_22d,340,p02_sharp_turn_transition,path_closed_loop_sharp_turn_transition_theta10_v1,E:\Matlab\Simulink\S-Function_16\data\paths\path_closed_loop_sharp_turn_transition_theta10_v1.mat,E:\Matlab\Simulink\S-Function_16\results\modern_tcn_metric_rebuild\39_paper_final_frozen_benchmark\01_A1_algorithm_comparison\02_models\models\TCN_model_a1_tcn_v5_plantfix_passive17_plus_all5_seed340.mat,E:\Matlab\Simulink\S-Function_16\results\modern_tcn_metric_rebuild\39_paper_final_frozen_benchmark\01_A1_algorithm_comparison\02_models\models\TCN_meta_a1_tcn_v5_plantfix_passive17_plus_all5_seed340.mat,E:\Matlab\Simulink\S-Function_16\results\modern_tcn_metric_rebuild\32_four_algorithm_10seed_closed_loop\02_modern_fixed_full_closed_loop\path_closed_loop_sharp_turn_transition_theta10_v1\modern_fixed_seed340_out.mat,E:\Matlab\Simulink\S-Function_16\results\modern_tcn_metric_rebuild\39_paper_final_frozen_benchmark\01_A1_algorithm_comparison\04_closed_loop\raw\tcn_22d\seed340\path_closed_loop_sharp_turn_transition_theta10_v1\tcn_22d_seed340_out.mat,E:\Matlab\Simulink\S-Function_16\results\modern_tcn_metric_rebuild\39_paper_final_frozen_benchmark\01_A1_algorithm_comparison\04_closed_loop\raw\tcn_22d\seed340\path_closed_loop_sharp_turn_transition_theta10_v1\a1_tcn_22d_seed340_summary.csv,complete,,20260716T235903,20260716T235956
tcn_22d,340,p03_long_updown,path_closed_loop_long_updown_theta10_v1,E:\Matlab\Simulink\S-Function_16\data\paths\path_closed_loop_long_updown_theta10_v1.mat,E:\Matlab\Simulink\S-Function_16\results\modern_tcn_metric_rebuild\39_paper_final_frozen_benchmark\01_A1_algorithm_comparison\02_models\models\TCN_model_a1_tcn_v5_plantfix_passive17_plus_all5_seed340.mat,E:\Matlab\Simulink\S-Function_16\results\modern_tcn_metric_rebuild\39_paper_final_frozen_benchmark\01_A1_algorithm_comparison\02_models\models\TCN_meta_a1_tcn_v5_plantfix_passive17_plus_all5_seed340.mat,E:\Matlab\Simulink\S-Function_16\results\modern_tcn_metric_rebuild\32_four_algorithm_10seed_closed_loop\02_modern_fixed_full_closed_loop\path_closed_loop_long_updown_theta10_v1\modern_fixed_seed340_out.mat,E:\Matlab\Simulink\S-Function_16\results\modern_tcn_metric_rebuild\39_paper_final_frozen_benchmark\01_A1_algorithm_comparison\04_closed_loop\raw\tcn_22d\seed340\path_closed_loop_long_updown_theta10_v1\tcn_22d_seed340_out.mat,E:\Matlab\Simulink\S-Function_16\results\modern_tcn_metric_rebuild\39_paper_final_frozen_benchmark\01_A1_algorithm_comparison\04_closed_loop\raw\tcn_22d\seed340\path_closed_loop_long_updown_theta10_v1\a1_tcn_22d_seed340_summary.csv,complete,,20260716T235956,20260717T000041
tcn_22d,340,p04_soft_updown_straight_turn,path_modern_tcn_showcase_candidate_soft_updown_straight_turn_v1,E:\Matlab\Simulink\S-Function_16\data\paths\modern_tcn_showcase\candidates\path_modern_tcn_showcase_candidate_soft_updown_straight_turn_v1.mat,E:\Matlab\Simulink\S-Function_16\results\modern_tcn_metric_rebuild\39_paper_final_frozen_benchmark\01_A1_algorithm_comparison\02_models\models\TCN_model_a1_tcn_v5_plantfix_passive17_plus_all5_seed340.mat,E:\Matlab\Simulink\S-Function_16\results\modern_tcn_metric_rebuild\39_paper_final_frozen_benchmark\01_A1_algorithm_comparison\02_models\models\TCN_meta_a1_tcn_v5_plantfix_passive17_plus_all5_seed340.mat,E:\Matlab\Simulink\S-Function_16\results\modern_tcn_metric_rebuild\32_four_algorithm_10seed_closed_loop\02_modern_fixed_full_closed_loop\path_modern_tcn_showcase_candidate_soft_updown_straight_turn_v1\modern_fixed_seed340_out.mat,E:\Matlab\Simulink\S-Function_16\results\modern_tcn_metric_rebuild\39_paper_final_frozen_benchmark\01_A1_algorithm_comparison\04_closed_loop\raw\tcn_22d\seed340\path_modern_tcn_showcase_candidate_soft_updown_straight_turn_v1\tcn_22d_seed340_out.mat,E:\Matlab\Simulink\S-Function_16\results\modern_tcn_metric_rebuild\39_paper_final_frozen_benchmark\01_A1_algorithm_comparison\04_closed_loop\raw\tcn_22d\seed340\path_modern_tcn_showcase_candidate_soft_updown_straight_turn_v1\a1_tcn_22d_seed340_summary.csv,complete,,20260717T000041,20260717T000137
tcn_22d,340,p05_factory_flat_logistics,path_modern_tcn_showcase_candidate_factory_flat_logistics_safe_190_v1,E:\Matlab\Simulink\S-Function_16\data\paths\modern_tcn_showcase\candidates\path_modern_tcn_showcase_candidate_factory_flat_logistics_safe_190_v1.mat,E:\Matlab\Simulink\S-Function_16\results\modern_tcn_metric_rebuild\39_paper_final_frozen_benchmark\01_A1_algorithm_comparison\02_models\models\TCN_model_a1_tcn_v5_plantfix_passive17_plus_all5_seed340.mat,E:\Matlab\Simulink\S-Function_16\results\modern_tcn_metric_rebuild\39_paper_final_frozen_benchmark\01_A1_algorithm_comparison\02_models\models\TCN_meta_a1_tcn_v5_plantfix_passive17_plus_all5_seed340.mat,E:\Matlab\Simulink\S-Function_16\results\modern_tcn_metric_rebuild\32_four_algorithm_10seed_closed_loop\02_modern_fixed_full_closed_loop\path_modern_tcn_showcase_candidate_factory_flat_logistics_safe_190_v1\modern_fixed_seed340_out.mat,E:\Matlab\Simulink\S-Function_16\results\modern_tcn_metric_rebuild\39_paper_final_frozen_benchmark\01_A1_algorithm_comparison\04_closed_loop\raw\tcn_22d\seed340\path_modern_tcn_showcase_candidate_factory_flat_logistics_safe_190_v1\tcn_22d_seed340_out.mat,E:\Matlab\Simulink\S-Function_16\results\modern_tcn_metric_rebuild\39_paper_final_frozen_benchmark\01_A1_algorithm_comparison\04_closed_loop\raw\tcn_22d\seed340\path_modern_tcn_showcase_candidate_factory_flat_logistics_safe_190_v1\a1_tcn_22d_seed340_summary.csv,complete,,20260717T000137,20260717T000438
tcn_22d,340,p06_downhill_after_turn,path_factory_target_downhill_straight_after_turn_v1,E:\Matlab\Simulink\S-Function_16\data\paths\factory_targeted_eval\path_factory_target_downhill_straight_after_turn_v1.mat,E:\Matlab\Simulink\S-Function_16\results\modern_tcn_metric_rebuild\39_paper_final_frozen_benchmark\01_A1_algorithm_comparison\02_models\models\TCN_model_a1_tcn_v5_plantfix_passive17_plus_all5_seed340.mat,E:\Matlab\Simulink\S-Function_16\results\modern_tcn_metric_rebuild\39_paper_final_frozen_benchmark\01_A1_algorithm_comparison\02_models\models\TCN_meta_a1_tcn_v5_plantfix_passive17_plus_all5_seed340.mat,E:\Matlab\Simulink\S-Function_16\results\modern_tcn_metric_rebuild\32_four_algorithm_10seed_closed_loop\02_modern_fixed_full_closed_loop\path_factory_target_downhill_straight_after_turn_v1\modern_fixed_seed340_out.mat,E:\Matlab\Simulink\S-Function_16\results\modern_tcn_metric_rebuild\39_paper_final_frozen_benchmark\01_A1_algorithm_comparison\04_closed_loop\raw\tcn_22d\seed340\path_factory_target_downhill_straight_after_turn_v1\tcn_22d_seed340_out.mat,E:\Matlab\Simulink\S-Function_16\results\modern_tcn_metric_rebuild\39_paper_final_frozen_benchmark\01_A1_algorithm_comparison\04_closed_loop\raw\tcn_22d\seed340\path_factory_target_downhill_straight_after_turn_v1\a1_tcn_22d_seed340_summary.csv,complete,,20260717T000438,20260717T000518
tcn_22d,520,p01_factory_logistics_showcase,path_factory_logistics_showcase_theta10_v10,E:\Matlab\Simulink\S-Function_16\data\paths\path_factory_logistics_showcase_theta10_v10.mat,E:\Matlab\Simulink\S-Function_16\results\modern_tcn_metric_rebuild\39_paper_final_frozen_benchmark\01_A1_algorithm_comparison\02_models\models\TCN_model_a1_tcn_v5_plantfix_passive17_plus_all5_seed520.mat,E:\Matlab\Simulink\S-Function_16\results\modern_tcn_metric_rebuild\39_paper_final_frozen_benchmark\01_A1_algorithm_comparison\02_models\models\TCN_meta_a1_tcn_v5_plantfix_passive17_plus_all5_seed520.mat,E:\Matlab\Simulink\S-Function_16\results\modern_tcn_metric_rebuild\32_four_algorithm_10seed_closed_loop\02_modern_fixed_full_closed_loop\path_factory_logistics_showcase_theta10_v10\modern_fixed_seed520_out.mat,E:\Matlab\Simulink\S-Function_16\results\modern_tcn_metric_rebuild\39_paper_final_frozen_benchmark\01_A1_algorithm_comparison\04_closed_loop\raw\tcn_22d\seed520\path_factory_logistics_showcase_theta10_v10\tcn_22d_seed520_out.mat,E:\Matlab\Simulink\S-Function_16\results\modern_tcn_metric_rebuild\39_paper_final_frozen_benchmark\01_A1_algorithm_comparison\04_closed_loop\raw\tcn_22d\seed520\path_factory_logistics_showcase_theta10_v10\a1_tcn_22d_seed520_summary.csv,complete,,20260717T000518,20260717T000923
tcn_22d,520,p02_sharp_turn_transition,path_closed_loop_sharp_turn_transition_theta10_v1,E:\Matlab\Simulink\S-Function_16\data\paths\path_closed_loop_sharp_turn_transition_theta10_v1.mat,E:\Matlab\Simulink\S-Function_16\results\modern_tcn_metric_rebuild\39_paper_final_frozen_benchmark\01_A1_algorithm_comparison\02_models\models\TCN_model_a1_tcn_v5_plantfix_passive17_plus_all5_seed520.mat,E:\Matlab\Simulink\S-Function_16\results\modern_tcn_metric_rebuild\39_paper_final_frozen_benchmark\01_A1_algorithm_comparison\02_models\models\TCN_meta_a1_tcn_v5_plantfix_passive17_plus_all5_seed520.mat,E:\Matlab\Simulink\S-Function_16\results\modern_tcn_metric_rebuild\32_four_algorithm_10seed_closed_loop\02_modern_fixed_full_closed_loop\path_closed_loop_sharp_turn_transition_theta10_v1\modern_fixed_seed520_out.mat,E:\Matlab\Simulink\S-Function_16\results\modern_tcn_metric_rebuild\39_paper_final_frozen_benchmark\01_A1_algorithm_comparison\04_closed_loop\raw\tcn_22d\seed520\path_closed_loop_sharp_turn_transition_theta10_v1\tcn_22d_seed520_out.mat,E:\Matlab\Simulink\S-Function_16\results\modern_tcn_metric_rebuild\39_paper_final_frozen_benchmark\01_A1_algorithm_comparison\04_closed_loop\raw\tcn_22d\seed520\path_closed_loop_sharp_turn_transition_theta10_v1\a1_tcn_22d_seed520_summary.csv,complete,,20260717T000923,20260717T001015
tcn_22d,520,p03_long_updown,path_closed_loop_long_updown_theta10_v1,E:\Matlab\Simulink\S-Function_16\data\paths\path_closed_loop_long_updown_theta10_v1.mat,E:\Matlab\Simulink\S-Function_16\results\modern_tcn_metric_rebuild\39_paper_final_frozen_benchmark\01_A1_algorithm_comparison\02_models\models\TCN_model_a1_tcn_v5_plantfix_passive17_plus_all5_seed520.mat,E:\Matlab\Simulink\S-Function_16\results\modern_tcn_metric_rebuild\39_paper_final_frozen_benchmark\01_A1_algorithm_comparison\02_models\models\TCN_meta_a1_tcn_v5_plantfix_passive17_plus_all5_seed520.mat,E:\Matlab\Simulink\S-Function_16\results\modern_tcn_metric_rebuild\32_four_algorithm_10seed_closed_loop\02_modern_fixed_full_closed_loop\path_closed_loop_long_updown_theta10_v1\modern_fixed_seed520_out.mat,E:\Matlab\Simulink\S-Function_16\results\modern_tcn_metric_rebuild\39_paper_final_frozen_benchmark\01_A1_algorithm_comparison\04_closed_loop\raw\tcn_22d\seed520\path_closed_loop_long_updown_theta10_v1\tcn_22d_seed520_out.mat,E:\Matlab\Simulink\S-Function_16\results\modern_tcn_metric_rebuild\39_paper_final_frozen_benchmark\01_A1_algorithm_comparison\04_closed_loop\raw\tcn_22d\seed520\path_closed_loop_long_updown_theta10_v1\a1_tcn_22d_seed520_summary.csv,complete,,20260717T001015,20260717T001100
tcn_22d,520,p04_soft_updown_straight_turn,path_modern_tcn_showcase_candidate_soft_updown_straight_turn_v1,E:\Matlab\Simulink\S-Function_16\data\paths\modern_tcn_showcase\candidates\path_modern_tcn_showcase_candidate_soft_updown_straight_turn_v1.mat,E:\Matlab\Simulink\S-Function_16\results\modern_tcn_metric_rebuild\39_paper_final_frozen_benchmark\01_A1_algorithm_comparison\02_models\models\TCN_model_a1_tcn_v5_plantfix_passive17_plus_all5_seed520.mat,E:\Matlab\Simulink\S-Function_16\results\modern_tcn_metric_rebuild\39_paper_final_frozen_benchmark\01_A1_algorithm_comparison\02_models\models\TCN_meta_a1_tcn_v5_plantfix_passive17_plus_all5_seed520.mat,E:\Matlab\Simulink\S-Function_16\results\modern_tcn_metric_rebuild\32_four_algorithm_10seed_closed_loop\02_modern_fixed_full_closed_loop\path_modern_tcn_showcase_candidate_soft_updown_straight_turn_v1\modern_fixed_seed520_out.mat,E:\Matlab\Simulink\S-Function_16\results\modern_tcn_metric_rebuild\39_paper_final_frozen_benchmark\01_A1_algorithm_comparison\04_closed_loop\raw\tcn_22d\seed520\path_modern_tcn_showcase_candidate_soft_updown_straight_turn_v1\tcn_22d_seed520_out.mat,E:\Matlab\Simulink\S-Function_16\results\modern_tcn_metric_rebuild\39_paper_final_frozen_benchmark\01_A1_algorithm_comparison\04_closed_loop\raw\tcn_22d\seed520\path_modern_tcn_showcase_candidate_soft_updown_straight_turn_v1\a1_tcn_22d_seed520_summary.csv,complete,,20260717T001100,20260717T001156
tcn_22d,520,p05_factory_flat_logistics,path_modern_tcn_showcase_candidate_factory_flat_logistics_safe_190_v1,E:\Matlab\Simulink\S-Function_16\data\paths\modern_tcn_showcase\candidates\path_modern_tcn_showcase_candidate_factory_flat_logistics_safe_190_v1.mat,E:\Matlab\Simulink\S-Function_16\results\modern_tcn_metric_rebuild\39_paper_final_frozen_benchmark\01_A1_algorithm_comparison\02_models\models\TCN_model_a1_tcn_v5_plantfix_passive17_plus_all5_seed520.mat,E:\Matlab\Simulink\S-Function_16\results\modern_tcn_metric_rebuild\39_paper_final_frozen_benchmark\01_A1_algorithm_comparison\02_models\models\TCN_meta_a1_tcn_v5_plantfix_passive17_plus_all5_seed520.mat,E:\Matlab\Simulink\S-Function_16\results\modern_tcn_metric_rebuild\32_four_algorithm_10seed_closed_loop\02_modern_fixed_full_closed_loop\path_modern_tcn_showcase_candidate_factory_flat_logistics_safe_190_v1\modern_fixed_seed520_out.mat,E:\Matlab\Simulink\S-Function_16\results\modern_tcn_metric_rebuild\39_paper_final_frozen_benchmark\01_A1_algorithm_comparison\04_closed_loop\raw\tcn_22d\seed520\path_modern_tcn_showcase_candidate_factory_flat_logistics_safe_190_v1\tcn_22d_seed520_out.mat,E:\Matlab\Simulink\S-Function_16\results\modern_tcn_metric_rebuild\39_paper_final_frozen_benchmark\01_A1_algorithm_comparison\04_closed_loop\raw\tcn_22d\seed520\path_modern_tcn_showcase_candidate_factory_flat_logistics_safe_190_v1\a1_tcn_22d_seed520_summary.csv,complete,,20260717T001156,20260717T001454
tcn_22d,520,p06_downhill_after_turn,path_factory_target_downhill_straight_after_turn_v1,E:\Matlab\Simulink\S-Function_16\data\paths\factory_targeted_eval\path_factory_target_downhill_straight_after_turn_v1.mat,E:\Matlab\Simulink\S-Function_16\results\modern_tcn_metric_rebuild\39_paper_final_frozen_benchmark\01_A1_algorithm_comparison\02_models\models\TCN_model_a1_tcn_v5_plantfix_passive17_plus_all5_seed520.mat,E:\Matlab\Simulink\S-Function_16\results\modern_tcn_metric_rebuild\39_paper_final_frozen_benchmark\01_A1_algorithm_comparison\02_models\models\TCN_meta_a1_tcn_v5_plantfix_passive17_plus_all5_seed520.mat,E:\Matlab\Simulink\S-Function_16\results\modern_tcn_metric_rebuild\32_four_algorithm_10seed_closed_loop\02_modern_fixed_full_closed_loop\path_factory_target_downhill_straight_after_turn_v1\modern_fixed_seed520_out.mat,E:\Matlab\Simulink\S-Function_16\results\modern_tcn_metric_rebuild\39_paper_final_frozen_benchmark\01_A1_algorithm_comparison\04_closed_loop\raw\tcn_22d\seed520\path_factory_target_downhill_straight_after_turn_v1\tcn_22d_seed520_out.mat,E:\Matlab\Simulink\S-Function_16\results\modern_tcn_metric_rebuild\39_paper_final_frozen_benchmark\01_A1_algorithm_comparison\04_closed_loop\raw\tcn_22d\seed520\path_factory_target_downhill_straight_after_turn_v1\a1_tcn_22d_seed520_summary.csv,complete,,20260717T001454,20260717T001535
