domain,contrast_family,target_method,comparator_method,metric,confirmatory,effect_convention,target_mean,comparator_mean,absolute_effect,absolute_ci_low,absolute_ci_high,relative_effect_percent,relative_ci_low_percent,relative_ci_high_percent,improved_seed_count,paired_seed_count,bootstrap_iterations,bootstrap_seed,ci_method,resampling_unit,ci_supports_target,improved_case_count,paired_case_count
offline,cross_algorithm,modern_tcn_delta_bank_124,modern_tcn_22d,theta_mae_deg,True,comparator-target; positive favors target,0.5988841710129981,0.653002856522528,0.05411868550953004,0.006084589527284233,0.10180335348874511,7.631294774632892,0.358006396563639,14.361294138200217,8,10,10000,20260715,percentile_95,paired_model_seed,True,,
offline,cross_algorithm,modern_tcn_delta_bank_124,modern_tcn_22d,theta_abs_le_10_p95_abs_err_deg,True,comparator-target; positive favors target,1.6777749854958954,1.806264682254022,0.1284896967581264,0.02962223672887594,0.22946993093240461,6.54323490884301,1.3029976806862384,11.883016110327864,7,10,10000,20260715,percentile_95,paired_model_seed,True,,
offline,cross_algorithm,modern_tcn_delta_bank_124,gru_22d,theta_mae_deg,True,comparator-target; positive favors target,0.5988841710129981,0.885828851812979,0.286944680799981,0.18468040107869926,0.3727063012332987,30.5600030495562,19.59654021406584,38.224463666840464,9,10,10000,20260715,percentile_95,paired_model_seed,True,,
offline,cross_algorithm,modern_tcn_delta_bank_124,gru_22d,theta_abs_le_10_p95_abs_err_deg,True,comparator-target; positive favors target,1.6777749854958954,2.2594999552830504,0.581724969787155,0.38461865413269997,0.8004520521743121,24.453852215134248,17.198251597772085,31.450713949994693,10,10,10000,20260715,percentile_95,paired_model_seed,True,,
offline,cross_algorithm,modern_tcn_delta_bank_124,tcn_22d,theta_mae_deg,True,comparator-target; positive favors target,0.5988841710129981,0.9153691292422238,0.31648495822922584,0.24668162712791042,0.38012291926535086,33.93131673886482,27.46410368538553,39.56442708823429,10,10,10000,20260715,percentile_95,paired_model_seed,True,,
offline,cross_algorithm,modern_tcn_delta_bank_124,tcn_22d,theta_abs_le_10_p95_abs_err_deg,True,comparator-target; positive favors target,1.6777749854958954,2.6357961635340903,0.958021178038195,0.6916993064335777,1.2545585404279842,34.70897055677821,27.840836022390715,41.721666037111,10,10,10000,20260715,percentile_95,paired_model_seed,True,,
offline,architecture_control,modern_tcn_22d,gru_22d,theta_mae_deg,True,comparator-target; positive favors target,0.653002856522528,0.885828851812979,0.23282599529045092,0.13218319821646757,0.3245124068720706,24.333639992278712,13.320299970454283,32.95653373214235,9,10,10000,20260715,percentile_95,paired_model_seed,True,,
offline,architecture_control,modern_tcn_22d,gru_22d,theta_abs_le_10_p95_abs_err_deg,True,comparator-target; positive favors target,1.806264682254022,2.2594999552830504,0.45323527302902855,0.21467713849412096,0.6988301700357566,18.45783049573098,8.4753842252629,27.16349384570303,9,10,10000,20260715,percentile_95,paired_model_seed,True,,
offline,architecture_control,modern_tcn_22d,tcn_22d,theta_mae_deg,True,comparator-target; positive favors target,0.653002856522528,0.9153691292422238,0.2623662727196957,0.21847278090283742,0.30595057735902176,28.431252674957967,24.396265950896808,32.12562473652727,10,10,10000,20260715,percentile_95,paired_model_seed,True,,
offline,architecture_control,modern_tcn_22d,tcn_22d,theta_abs_le_10_p95_abs_err_deg,True,comparator-target; positive favors target,1.806264682254022,2.6357961635340903,0.8295314812800685,0.5508144055181302,1.1305466131535036,29.81686789966695,21.72142327669748,37.1423425471768,10,10,10000,20260715,percentile_95,paired_model_seed,True,,
offline,architecture_control,gru_22d,tcn_22d,theta_mae_deg,False,comparator-target; positive favors target,0.885828851812979,0.9153691292422238,0.02954027742924483,-0.0793045346537151,0.1273017633048286,2.140818788028818,-10.866945957687086,13.540481961124248,6,10,10000,20260715,percentile_95,paired_model_seed,False,,
offline,architecture_control,gru_22d,tcn_22d,theta_abs_le_10_p95_abs_err_deg,False,comparator-target; positive favors target,2.2594999552830504,2.6357961635340903,0.3762962082510399,0.05048145054257787,0.7186291509102078,12.116881024134903,0.9183155559736029,22.890187134239316,7,10,10000,20260715,percentile_95,paired_model_seed,True,,
offline,representation_ablation,modern_tcn_delta_bank_124,modern_tcn_22d,theta_mae_deg,True,comparator-target; positive favors target,0.5988841710129981,0.653002856522528,0.05411868550953004,0.006084589527284233,0.10180335348874511,7.631294774632892,0.358006396563639,14.361294138200217,8,10,10000,20260715,percentile_95,paired_model_seed,True,,
offline,representation_ablation,modern_tcn_delta_bank_124,modern_tcn_22d,theta_edge_p95_abs_err,True,comparator-target; positive favors target,2.456487686363739,2.8825643658110414,0.42607667944730243,0.1851698914650369,0.7098668101868537,14.099071516890689,6.618935877952288,22.613889217132552,9,10,10000,20260715,percentile_95,paired_model_seed,True,,
closed_loop,cross_algorithm,modern_tcn_delta_bank_124,modern_tcn_22d,ey_rmse,True,comparator-target; positive favors target,0.02595630860093896,0.06482444647338534,0.0388681378724464,-0.0065379714954434814,0.15744370039845706,-7.780976227175197,-40.88968658892468,15.22510651780348,7,10,10000,20260715,percentile_95,paired_model_seed_then_paired_path_within_seed,False,30,60
closed_loop,cross_algorithm,modern_tcn_delta_bank_124,modern_tcn_22d,epsi_rmse,True,comparator-target; positive favors target,0.023606992180181433,0.03218294090042687,0.008575948720245441,-0.0025636313403986474,0.026550606793353117,-6.820239266366528,-41.51650983224319,16.305156070256476,8,10,10000,20260715,percentile_95,paired_model_seed_then_paired_path_within_seed,False,35,60
closed_loop,cross_algorithm,modern_tcn_delta_bank_124,modern_tcn_22d,j_du,True,comparator-target; positive favors target,1.1249558938732747,17.037111562981316,15.912155669108042,1.63835976135401,55.89903332228697,16.277582663456656,-61.335259010102114,53.92819247218065,9,10,10000,20260715,percentile_95,paired_model_seed_then_paired_path_within_seed,True,52,60
closed_loop,cross_algorithm,modern_tcn_delta_bank_124,gru_22d,ey_rmse,True,comparator-target; positive favors target,0.02595630860093896,1.9006089954129675,1.8746526868120283,0.6576251709686666,3.5073376096313478,37.583062547753606,3.843511608553933,62.69927446959065,10,10,10000,20260715,percentile_95,paired_model_seed_then_paired_path_within_seed,True,45,60
closed_loop,cross_algorithm,modern_tcn_delta_bank_124,gru_22d,epsi_rmse,True,comparator-target; positive favors target,0.023606992180181433,0.2051392592344909,0.18153226705430944,0.08327291097339966,0.30548621913761387,23.64397086588223,-13.85466767625701,51.99262988136358,9,10,10000,20260715,percentile_95,paired_model_seed_then_paired_path_within_seed,True,41,60
closed_loop,cross_algorithm,modern_tcn_delta_bank_124,gru_22d,j_du,True,comparator-target; positive favors target,1.1249558938732747,291.64950188908915,290.5245459952159,158.5906057226073,445.7484026160248,-22.317179696345875,-67.28186509882649,20.643283857621462,10,10,10000,20260715,percentile_95,paired_model_seed_then_paired_path_within_seed,True,36,60
closed_loop,cross_algorithm,modern_tcn_delta_bank_124,tcn_22d,ey_rmse,True,comparator-target; positive favors target,0.02595630860093896,0.8326266775802984,0.8066703689793593,0.3722470984763312,1.2958043255794627,41.560096056683015,22.63060452924824,58.00294878669165,10,10,10000,20260715,percentile_95,paired_model_seed_then_paired_path_within_seed,True,51,60
closed_loop,cross_algorithm,modern_tcn_delta_bank_124,tcn_22d,epsi_rmse,True,comparator-target; positive favors target,0.023606992180181433,0.17542049284151115,0.1518135006613297,0.07167647630020657,0.24455551015678617,32.0254530951423,10.123920133985246,48.6085131843379,10,10,10000,20260715,percentile_95,paired_model_seed_then_paired_path_within_seed,True,43,60
closed_loop,cross_algorithm,modern_tcn_delta_bank_124,tcn_22d,j_du,True,comparator-target; positive favors target,1.1249558938732747,127.19876538239356,126.07380948852028,69.85963270660119,191.9652103378061,59.41639817239401,44.836676429718686,72.59245354778228,10,10,10000,20260715,percentile_95,paired_model_seed_then_paired_path_within_seed,True,54,60
closed_loop,architecture_control,modern_tcn_22d,gru_22d,ey_rmse,True,comparator-target; positive favors target,0.06482444647338534,1.9006089954129675,1.835784548939582,0.5943617454408252,3.48433935516491,-126.02272867118748,-648.1448406012878,61.83630809041959,9,10,10000,20260715,percentile_95,paired_model_seed_then_paired_path_within_seed,True,45,60
closed_loop,architecture_control,modern_tcn_22d,gru_22d,epsi_rmse,True,comparator-target; positive favors target,0.03218294090042687,0.2051392592344909,0.17295631833406402,0.0708188363571987,0.2986133544362037,9.155588209248142,-36.56255756748601,44.14131636873774,8,10,10000,20260715,percentile_95,paired_model_seed_then_paired_path_within_seed,True,40,60
closed_loop,architecture_control,modern_tcn_22d,gru_22d,j_du,True,comparator-target; positive favors target,17.037111562981316,291.64950188908915,274.61239032610786,136.27498695162149,432.13504904353084,-3322.3996278933546,-12016.10987189159,-244.29959043686665,9,10,10000,20260715,percentile_95,paired_model_seed_then_paired_path_within_seed,True,33,60
closed_loop,architecture_control,modern_tcn_22d,tcn_22d,ey_rmse,True,comparator-target; positive favors target,0.06482444647338534,0.8326266775802984,0.7678022311069129,0.35034520722366025,1.252154074630574,30.38063658110068,4.923222477784736,52.43043946568912,9,10,10000,20260715,percentile_95,paired_model_seed_then_paired_path_within_seed,True,43,60
closed_loop,architecture_control,modern_tcn_22d,tcn_22d,epsi_rmse,True,comparator-target; positive favors target,0.03218294090042687,0.17542049284151115,0.14323755194108428,0.06530764535289742,0.2336477347754795,28.60451705463305,6.50120925723221,47.56969280988256,9,10,10000,20260715,percentile_95,paired_model_seed_then_paired_path_within_seed,True,41,60
closed_loop,architecture_control,modern_tcn_22d,tcn_22d,j_du,True,comparator-target; positive favors target,17.037111562981316,127.19876538239356,110.16165381941228,51.011593083366115,174.1801638224878,27.44220100588309,-22.75552417893603,60.628140836332186,9,10,10000,20260715,percentile_95,paired_model_seed_then_paired_path_within_seed,True,43,60
closed_loop,architecture_control,gru_22d,tcn_22d,ey_rmse,False,comparator-target; positive favors target,1.9006089954129675,0.8326266775802984,-1.0679823178326688,-2.6842365417871537,0.2249598643378082,-17945.86345229095,-34281.28080985446,-5314.691446122605,3,10,10000,20260715,percentile_95,paired_model_seed_then_paired_path_within_seed,False,33,60
closed_loop,architecture_control,gru_22d,tcn_22d,epsi_rmse,False,comparator-target; positive favors target,0.2051392592344909,0.17542049284151115,-0.02971876639297973,-0.1629365902455907,0.0928059157194578,-1467.4932524886176,-2726.720642354319,-561.3713194825891,5,10,10000,20260715,percentile_95,paired_model_seed_then_paired_path_within_seed,False,33,60
closed_loop,architecture_control,gru_22d,tcn_22d,j_du,False,comparator-target; positive favors target,291.64950188908915,127.19876538239356,-164.4507365066956,-328.8456309648077,-8.395851793737181,-358048.62240187003,-911935.130406325,-72474.7670272527,1,10,10000,20260715,percentile_95,paired_model_seed_then_paired_path_within_seed,False,33,60
closed_loop,representation_ablation,modern_tcn_delta_bank_124,modern_tcn_22d,ey_rmse,True,comparator-target; positive favors target,0.02595630860093896,0.06482444647338534,0.0388681378724464,-0.0065379714954434814,0.15744370039845706,-7.780976227175197,-40.88968658892468,15.22510651780348,7,10,10000,20260715,percentile_95,paired_model_seed_then_paired_path_within_seed,False,30,60
closed_loop,representation_ablation,modern_tcn_delta_bank_124,modern_tcn_22d,epsi_rmse,True,comparator-target; positive favors target,0.023606992180181433,0.03218294090042687,0.008575948720245441,-0.0025636313403986474,0.026550606793353117,-6.820239266366528,-41.51650983224319,16.305156070256476,8,10,10000,20260715,percentile_95,paired_model_seed_then_paired_path_within_seed,False,35,60
closed_loop,representation_ablation,modern_tcn_delta_bank_124,modern_tcn_22d,j_du,True,comparator-target; positive favors target,1.1249558938732747,17.037111562981316,15.912155669108042,1.63835976135401,55.89903332228697,16.277582663456656,-61.335259010102114,53.92819247218065,9,10,10000,20260715,percentile_95,paired_model_seed_then_paired_path_within_seed,True,52,60
