source_task,family,method,metric,model_seed,n_paths,mean,median,worst_value,worst_path
A1,closed_loop,gru_22d,ey_rmse,1,6,0.0679636175570813,0.022655990603307,0.162785000848986,p05_factory_flat_logistics
A1,closed_loop,gru_22d,ey_rmse,7,6,5.131683474562789,0.189075025114786,15.3860693276486,p01_factory_logistics_showcase
A1,closed_loop,gru_22d,ey_rmse,11,6,0.5636603346243713,0.10071325354417945,2.59272942603703,p01_factory_logistics_showcase
A1,closed_loop,gru_22d,ey_rmse,21,6,1.8666462872093572,0.13493677146349403,9.07905903796282,p05_factory_flat_logistics
A1,closed_loop,gru_22d,ey_rmse,42,6,1.3939993091587954,0.03410880565830955,8.04584372273388,p05_factory_flat_logistics
A1,closed_loop,gru_22d,ey_rmse,73,6,0.9014210050310765,0.147901251276043,3.8911415383884,p05_factory_flat_logistics
A1,closed_loop,gru_22d,ey_rmse,101,6,3.0446861624809856,0.18139380752694656,15.6710035265097,p05_factory_flat_logistics
A1,closed_loop,gru_22d,ey_rmse,202,6,0.029768191102586952,0.02175255601217395,0.0803478003560955,p05_factory_flat_logistics
A1,closed_loop,gru_22d,ey_rmse,340,6,2.85703211112591,0.22253098473974048,15.5020988418965,p05_factory_flat_logistics
A1,closed_loop,gru_22d,ey_rmse,520,6,3.149229461276722,0.1965972594251828,15.4397213878038,p05_factory_flat_logistics
A1,closed_loop,gru_22d,epsi_rmse,1,6,0.05120273635569908,0.0406779558961235,0.105684397441576,p05_factory_flat_logistics
A1,closed_loop,gru_22d,epsi_rmse,7,6,0.45457136843813023,0.0868600583154172,1.40715234662766,p05_factory_flat_logistics
A1,closed_loop,gru_22d,epsi_rmse,11,6,0.10468018569939236,0.053974680202107106,0.337526515272353,p01_factory_logistics_showcase
A1,closed_loop,gru_22d,epsi_rmse,21,6,0.15907238677799668,0.06670626392118685,0.412015166331969,p05_factory_flat_logistics
A1,closed_loop,gru_22d,epsi_rmse,42,6,0.14542927248863116,0.033514710444371,0.674120432580789,p05_factory_flat_logistics
A1,closed_loop,gru_22d,epsi_rmse,73,6,0.3170457262119252,0.06644974134133275,1.23985779433803,p01_factory_logistics_showcase
A1,closed_loop,gru_22d,epsi_rmse,101,6,0.30091044437991404,0.09140594554085926,1.1695492100428,p05_factory_flat_logistics
A1,closed_loop,gru_22d,epsi_rmse,202,6,0.0221445551830612,0.016050063900820498,0.0594808468987105,p05_factory_flat_logistics
A1,closed_loop,gru_22d,epsi_rmse,340,6,0.22245781628096883,0.09665117596242945,0.590588509774073,p05_factory_flat_logistics
A1,closed_loop,gru_22d,epsi_rmse,520,6,0.2738781005291901,0.09473705979688174,1.04815800615112,p05_factory_flat_logistics
A1,closed_loop,gru_22d,j_du,1,6,371.4823284879353,0.6326340720688866,1739.53833832617,p04_soft_updown_straight_turn
A1,closed_loop,gru_22d,j_du,7,6,143.72412859048075,36.55177847274198,631.892112866997,p04_soft_updown_straight_turn
A1,closed_loop,gru_22d,j_du,11,6,333.232400629095,44.764648402499,1424.92499339249,p01_factory_logistics_showcase
A1,closed_loop,gru_22d,j_du,21,6,540.3003699866675,15.615021258078489,1907.88664789944,p05_factory_flat_logistics
A1,closed_loop,gru_22d,j_du,42,6,210.28009835728594,0.704337961941677,772.397382758077,p05_factory_flat_logistics
A1,closed_loop,gru_22d,j_du,73,6,272.25948507177304,234.42061111105218,621.434595989068,p01_factory_logistics_showcase
A1,closed_loop,gru_22d,j_du,101,6,378.71749944795164,43.733587954332044,1528.50466701178,p01_factory_logistics_showcase
A1,closed_loop,gru_22d,j_du,202,6,1.7290173485346276,0.3745676019526615,8.41499276319179,p05_factory_flat_logistics
A1,closed_loop,gru_22d,j_du,340,6,284.7694425925375,209.3537191483746,818.619176109804,p04_soft_updown_straight_turn
A1,closed_loop,gru_22d,j_du,520,6,380.00024837863026,61.87286370999326,1354.79292602677,p04_soft_updown_straight_turn
A1,closed_loop,gru_22d,xy_rmse,1,6,0.9108497711890976,0.902925573053931,1.65275464973886,p01_factory_logistics_showcase
A1,closed_loop,gru_22d,xy_rmse,7,6,14.04572632419673,1.1334194523600911,41.2394798450406,p05_factory_flat_logistics
A1,closed_loop,gru_22d,xy_rmse,11,6,2.4642088906868724,0.9315679185511789,11.0717290989188,p01_factory_logistics_showcase
A1,closed_loop,gru_22d,xy_rmse,21,6,6.352945940784725,1.004025735461262,25.2728812386996,p05_factory_flat_logistics
A1,closed_loop,gru_22d,xy_rmse,42,6,4.2456508400623605,0.8432122588091544,21.8713609036475,p05_factory_flat_logistics
A1,closed_loop,gru_22d,xy_rmse,73,6,7.8463438988907805,0.96180639122159,35.1690758503842,p01_factory_logistics_showcase
A1,closed_loop,gru_22d,xy_rmse,101,6,10.193464140730985,1.1703179708612939,43.1568556770525,p05_factory_flat_logistics
A1,closed_loop,gru_22d,xy_rmse,202,6,0.3654471075908761,0.2722945868898655,1.02927891216506,p05_factory_flat_logistics
A1,closed_loop,gru_22d,xy_rmse,340,6,13.932268724586136,1.288867881542683,43.8180980074935,p05_factory_flat_logistics
A1,closed_loop,gru_22d,xy_rmse,520,6,9.742533852822733,1.2339676415949141,42.4660778175202,p05_factory_flat_logistics
A1,closed_loop,gru_22d,omega_cmd_rms,1,6,0.1291813282973423,0.0763584187182296,0.255219898778624,p04_soft_updown_straight_turn
A1,closed_loop,gru_22d,omega_cmd_rms,7,6,0.49991259990452436,0.311114106119181,1.11801116100226,p01_factory_logistics_showcase
A1,closed_loop,gru_22d,omega_cmd_rms,11,6,0.30363967878142795,0.2200704877417935,0.800039804707923,p01_factory_logistics_showcase
A1,closed_loop,gru_22d,omega_cmd_rms,21,6,0.41777661579547226,0.2291223531070335,1.05365433872219,p05_factory_flat_logistics
A1,closed_loop,gru_22d,omega_cmd_rms,42,6,0.27063003834470717,0.07900638963136655,1.00086270874514,p05_factory_flat_logistics
A1,closed_loop,gru_22d,omega_cmd_rms,73,6,0.3473271379663116,0.2618776736891145,0.753142881145735,p05_factory_flat_logistics
A1,closed_loop,gru_22d,omega_cmd_rms,101,6,0.42764399670319814,0.276373953857925,1.02739153273061,p05_factory_flat_logistics
A1,closed_loop,gru_22d,omega_cmd_rms,202,6,0.07296567748462322,0.0660390698038798,0.122859088974734,p05_factory_flat_logistics
A1,closed_loop,gru_22d,omega_cmd_rms,340,6,0.49783224000580933,0.340113544943347,1.10617159493113,p05_factory_flat_logistics
A1,closed_loop,gru_22d,omega_cmd_rms,520,6,0.4456835193164305,0.30816060063424,1.06062810558273,p05_factory_flat_logistics
A1,closed_loop,gru_22d,ey_peak,1,6,0.20888860234663756,0.10581512392609844,0.522014506885794,p04_soft_updown_straight_turn
A1,closed_loop,gru_22d,ey_peak,7,6,9.624129572406545,0.5451978805529005,33.3766618400514,p05_factory_flat_logistics
A1,closed_loop,gru_22d,ey_peak,11,6,1.5808970225214087,0.32632756500016546,6.79810712611988,p01_factory_logistics_showcase
A1,closed_loop,gru_22d,ey_peak,21,6,4.620593268375063,0.4230967543715735,20.4431013839625,p05_factory_flat_logistics
A1,closed_loop,gru_22d,ey_peak,42,6,3.6760684609979655,0.13945579743307265,20.8976136985584,p05_factory_flat_logistics
A1,closed_loop,gru_22d,ey_peak,73,6,2.624457175202877,0.4592035287774845,11.302689636808,p05_factory_flat_logistics
A1,closed_loop,gru_22d,ey_peak,101,6,6.977147659544653,0.722745818358277,34.7642911015277,p05_factory_flat_logistics
A1,closed_loop,gru_22d,ey_peak,202,6,0.1089223450850822,0.07022354345515136,0.358500767610766,p05_factory_flat_logistics
A1,closed_loop,gru_22d,ey_peak,340,6,6.287533631776141,0.673601579772598,32.0615464499363,p05_factory_flat_logistics
A1,closed_loop,gru_22d,ey_peak,520,6,7.266833202694006,0.6514276246975975,34.4244399535259,p05_factory_flat_logistics
A1,closed_loop,gru_22d,epsi_peak,1,6,0.15696457148866097,0.1136988132910226,0.321334852914795,p04_soft_updown_straight_turn
A1,closed_loop,gru_22d,epsi_peak,7,6,0.9782342296359703,0.365874208012846,2.89101552426563,p05_factory_flat_logistics
A1,closed_loop,gru_22d,epsi_peak,11,6,0.4215448219692835,0.22072351379092708,1.41070727790636,p01_factory_logistics_showcase
A1,closed_loop,gru_22d,epsi_peak,21,6,0.5225531022823914,0.256663953877709,1.32902130367366,p01_factory_logistics_showcase
A1,closed_loop,gru_22d,epsi_peak,42,6,0.35298519822721103,0.10297402521668109,1.44819601512806,p05_factory_flat_logistics
A1,closed_loop,gru_22d,epsi_peak,73,6,0.7918390835763501,0.25737091324725453,2.64001649798379,p01_factory_logistics_showcase
A1,closed_loop,gru_22d,epsi_peak,101,6,0.8133877075636969,0.3421804839882655,2.58011913155918,p05_factory_flat_logistics
A1,closed_loop,gru_22d,epsi_peak,202,6,0.07063132029116342,0.04166976831788605,0.219995612187321,p05_factory_flat_logistics
A1,closed_loop,gru_22d,epsi_peak,340,6,0.590518783766535,0.390927039428579,1.3532371583346,p01_factory_logistics_showcase
A1,closed_loop,gru_22d,epsi_peak,520,6,0.7869316341195015,0.3902891693515609,2.41374226486253,p05_factory_flat_logistics
A1,closed_loop,gru_22d,ev_rmse,1,6,0.040962026331880765,0.03995891231781555,0.0532014281985778,p04_soft_updown_straight_turn
A1,closed_loop,gru_22d,ev_rmse,7,6,0.26360357032220955,0.09144239288870905,0.676492526842153,p05_factory_flat_logistics
A1,closed_loop,gru_22d,ev_rmse,11,6,0.08181704298740565,0.04395692164452175,0.261016369461916,p01_factory_logistics_showcase
A1,closed_loop,gru_22d,ev_rmse,21,6,0.16632908146595327,0.058917690167368406,0.561923679078485,p05_factory_flat_logistics
A1,closed_loop,gru_22d,ev_rmse,42,6,0.12720119198075966,0.03781259220165505,0.558820403907794,p05_factory_flat_logistics
A1,closed_loop,gru_22d,ev_rmse,73,6,0.19435940644626296,0.0594643232359343,0.559423747061834,p01_factory_logistics_showcase
A1,closed_loop,gru_22d,ev_rmse,101,6,0.20452021091958797,0.06065098311413695,0.688890238125484,p05_factory_flat_logistics
A1,closed_loop,gru_22d,ev_rmse,202,6,0.024776876658524297,0.023941821416631252,0.033914812113634,p03_long_updown
A1,closed_loop,gru_22d,ev_rmse,340,6,0.2480775613171693,0.0920770868248357,0.676074384036871,p05_factory_flat_logistics
A1,closed_loop,gru_22d,ev_rmse,520,6,0.19892983011096868,0.0737748705166159,0.686389260651565,p05_factory_flat_logistics
A1,closed_loop,modern_tcn_22d,ey_rmse,1,6,0.39182687401919053,0.02038349861002775,2.26456576236925,p01_factory_logistics_showcase
A1,closed_loop,modern_tcn_22d,ey_rmse,7,6,0.022559451476809076,0.02318440163147095,0.0402520020893689,p01_factory_logistics_showcase
A1,closed_loop,modern_tcn_22d,ey_rmse,11,6,0.037784903661838516,0.028345839239341197,0.111454711230871,p01_factory_logistics_showcase
A1,closed_loop,modern_tcn_22d,ey_rmse,21,6,0.021089947701681638,0.0187339022074735,0.0369799072646547,p02_sharp_turn_transition
A1,closed_loop,modern_tcn_22d,ey_rmse,42,6,0.02801095219074194,0.0288213981472533,0.0532957385305462,p01_factory_logistics_showcase
A1,closed_loop,modern_tcn_22d,ey_rmse,73,6,0.039416767031181646,0.03845224797410255,0.0806383361541581,p03_long_updown
A1,closed_loop,modern_tcn_22d,ey_rmse,101,6,0.034247054797214606,0.02593227438283955,0.0835695474016747,p03_long_updown
A1,closed_loop,modern_tcn_22d,ey_rmse,202,6,0.023991125883056116,0.0242225518884279,0.042927930397069,p01_factory_logistics_showcase
A1,closed_loop,modern_tcn_22d,ey_rmse,340,6,0.028114868032146717,0.024745770010954897,0.0669923549154641,p02_sharp_turn_transition
A1,closed_loop,modern_tcn_22d,ey_rmse,520,6,0.02120251993999273,0.01904941938951215,0.0458788440381383,p02_sharp_turn_transition
A1,closed_loop,modern_tcn_22d,epsi_rmse,1,6,0.07123801219453775,0.020513149103660568,0.334342709977428,p01_factory_logistics_showcase
A1,closed_loop,modern_tcn_22d,epsi_rmse,7,6,0.02794343989001008,0.029399789317879052,0.0562745763257604,p01_factory_logistics_showcase
A1,closed_loop,modern_tcn_22d,epsi_rmse,11,6,0.033184503392162126,0.024253221379488002,0.0898265857275391,p01_factory_logistics_showcase
A1,closed_loop,modern_tcn_22d,epsi_rmse,21,6,0.021711890504452006,0.01882873954272141,0.0479275931891729,p01_factory_logistics_showcase
A1,closed_loop,modern_tcn_22d,epsi_rmse,42,6,0.029332264619696517,0.0258521357447321,0.0650107705708556,p01_factory_logistics_showcase
A1,closed_loop,modern_tcn_22d,epsi_rmse,73,6,0.031855242069195475,0.0295816480016343,0.0679461597557738,p01_factory_logistics_showcase
A1,closed_loop,modern_tcn_22d,epsi_rmse,101,6,0.02886342516237853,0.022436788422453897,0.0683222184024487,p01_factory_logistics_showcase
A1,closed_loop,modern_tcn_22d,epsi_rmse,202,6,0.027388866907139073,0.0270506299199379,0.0600708716313217,p01_factory_logistics_showcase
A1,closed_loop,modern_tcn_22d,epsi_rmse,340,6,0.029637609074138208,0.0244719611399561,0.057416117061474,p01_factory_logistics_showcase
A1,closed_loop,modern_tcn_22d,epsi_rmse,520,6,0.020674155190558995,0.017726709010626954,0.0387191368403568,p01_factory_logistics_showcase
A1,closed_loop,modern_tcn_22d,j_du,1,6,130.30656329470634,3.108411015487965,761.287109627824,p01_factory_logistics_showcase
A1,closed_loop,modern_tcn_22d,j_du,7,6,1.4635389073463596,0.7536644046848785,4.88272847758954,p03_long_updown
A1,closed_loop,modern_tcn_22d,j_du,11,6,6.531648550906124,1.9948001957319716,26.4074448176477,p03_long_updown
A1,closed_loop,modern_tcn_22d,j_du,21,6,4.967240285266383,0.6051847928544155,26.1357118516521,p03_long_updown
A1,closed_loop,modern_tcn_22d,j_du,42,6,4.640106088826761,4.456634431169451,10.2262937457053,p02_sharp_turn_transition
A1,closed_loop,modern_tcn_22d,j_du,73,6,3.667651195704512,1.5015430408419934,13.2571194705322,p03_long_updown
A1,closed_loop,modern_tcn_22d,j_du,101,6,3.5122505509617437,1.2984330442169125,15.934200641092,p03_long_updown
A1,closed_loop,modern_tcn_22d,j_du,202,6,3.787946552274118,2.5227550325548798,14.4532564828967,p03_long_updown
A1,closed_loop,modern_tcn_22d,j_du,340,6,2.6862850065723354,0.9361300337793519,8.71781106133706,p03_long_updown
A1,closed_loop,modern_tcn_22d,j_du,520,6,8.807885197248499,0.885767741997457,48.2297452365381,p03_long_updown
A1,closed_loop,modern_tcn_22d,xy_rmse,1,6,3.130022800279919,0.36543624602771196,17.0136016393198,p01_factory_logistics_showcase
A1,closed_loop,modern_tcn_22d,xy_rmse,7,6,0.7040610924349989,0.462289192067327,2.23714953523988,p01_factory_logistics_showcase
A1,closed_loop,modern_tcn_22d,xy_rmse,11,6,0.846883971367198,0.4235960091694525,3.10714262206064,p01_factory_logistics_showcase
A1,closed_loop,modern_tcn_22d,xy_rmse,21,6,0.5973903214461379,0.3380762802908215,2.06981690923627,p01_factory_logistics_showcase
A1,closed_loop,modern_tcn_22d,xy_rmse,42,6,0.7269408012216833,0.42303610261756797,2.38921914280955,p01_factory_logistics_showcase
A1,closed_loop,modern_tcn_22d,xy_rmse,73,6,0.7927036594142848,0.5862822515394085,2.32183170537672,p01_factory_logistics_showcase
A1,closed_loop,modern_tcn_22d,xy_rmse,101,6,0.7350134987658693,0.36985611227713955,2.5472923512605,p01_factory_logistics_showcase
A1,closed_loop,modern_tcn_22d,xy_rmse,202,6,0.708525029304826,0.3634762307969105,2.39891709163034,p01_factory_logistics_showcase
A1,closed_loop,modern_tcn_22d,xy_rmse,340,6,0.754231314861436,0.48241691284072297,2.38659002937555,p01_factory_logistics_showcase
A1,closed_loop,modern_tcn_22d,xy_rmse,520,6,0.5671505918036214,0.308267580278844,1.73681652346958,p01_factory_logistics_showcase
A1,closed_loop,modern_tcn_22d,omega_cmd_rms,1,6,0.1892923081108471,0.0619101732847382,0.85887678829199,p01_factory_logistics_showcase
A1,closed_loop,modern_tcn_22d,omega_cmd_rms,7,6,0.05638875359667258,0.0602708206906635,0.0740712595366084,p02_sharp_turn_transition
A1,closed_loop,modern_tcn_22d,omega_cmd_rms,11,6,0.0664243528691714,0.0614840602851037,0.125703492714075,p01_factory_logistics_showcase
A1,closed_loop,modern_tcn_22d,omega_cmd_rms,21,6,0.053159852296629034,0.049573812129643305,0.0734078321437377,p02_sharp_turn_transition
A1,closed_loop,modern_tcn_22d,omega_cmd_rms,42,6,0.06161250509609791,0.06256846707375516,0.0923137777105253,p01_factory_logistics_showcase
A1,closed_loop,modern_tcn_22d,omega_cmd_rms,73,6,0.062485188214124195,0.06383436687520565,0.0899695385908114,p01_factory_logistics_showcase
A1,closed_loop,modern_tcn_22d,omega_cmd_rms,101,6,0.057801408979590185,0.06104222940042481,0.078547655827051,p02_sharp_turn_transition
A1,closed_loop,modern_tcn_22d,omega_cmd_rms,202,6,0.05834990318260925,0.06032207953448045,0.0782756334900575,p01_factory_logistics_showcase
A1,closed_loop,modern_tcn_22d,omega_cmd_rms,340,6,0.056790962393795864,0.0590410507920382,0.0779959576725687,p02_sharp_turn_transition
A1,closed_loop,modern_tcn_22d,omega_cmd_rms,520,6,0.058693437181293245,0.06125568646363765,0.0826526287093133,p02_sharp_turn_transition
A1,closed_loop,modern_tcn_22d,ey_peak,1,6,0.8633929904730878,0.05233342056431005,4.9434309993287,p01_factory_logistics_showcase
A1,closed_loop,modern_tcn_22d,ey_peak,7,6,0.07492282904490456,0.056977727779408446,0.183910717934538,p01_factory_logistics_showcase
A1,closed_loop,modern_tcn_22d,ey_peak,11,6,0.12532574957070558,0.08718208326301635,0.42863757847644,p01_factory_logistics_showcase
A1,closed_loop,modern_tcn_22d,ey_peak,21,6,0.06605218553084534,0.0673736791779392,0.112859000103667,p01_factory_logistics_showcase
A1,closed_loop,modern_tcn_22d,ey_peak,42,6,0.09990502784653721,0.0874695731733785,0.260725894425795,p01_factory_logistics_showcase
A1,closed_loop,modern_tcn_22d,ey_peak,73,6,0.13376360674838542,0.12213953208940889,0.261995419938577,p03_long_updown
A1,closed_loop,modern_tcn_22d,ey_peak,101,6,0.11441969480667052,0.05709030034213615,0.27609722909219,p01_factory_logistics_showcase
A1,closed_loop,modern_tcn_22d,ey_peak,202,6,0.07565433141780697,0.06224120868224875,0.190165086243555,p01_factory_logistics_showcase
A1,closed_loop,modern_tcn_22d,ey_peak,340,6,0.0824657531303252,0.0651294739111794,0.183690702636777,p01_factory_logistics_showcase
A1,closed_loop,modern_tcn_22d,ey_peak,520,6,0.058486790697801806,0.05139800551031535,0.108302947916978,p01_factory_logistics_showcase
A1,closed_loop,modern_tcn_22d,epsi_peak,1,6,0.2678263812533836,0.0535639496801506,1.36270790139459,p01_factory_logistics_showcase
A1,closed_loop,modern_tcn_22d,epsi_peak,7,6,0.0756077751191477,0.06532831145708749,0.174905801247132,p01_factory_logistics_showcase
A1,closed_loop,modern_tcn_22d,epsi_peak,11,6,0.09178010607560215,0.0600411989693277,0.272518918268384,p01_factory_logistics_showcase
A1,closed_loop,modern_tcn_22d,epsi_peak,21,6,0.06401786130634261,0.056035763555722554,0.151191083624714,p01_factory_logistics_showcase
A1,closed_loop,modern_tcn_22d,epsi_peak,42,6,0.07939624094519526,0.0573739066718197,0.196885457290898,p01_factory_logistics_showcase
A1,closed_loop,modern_tcn_22d,epsi_peak,73,6,0.08484644440050228,0.07187620804653655,0.202793674458306,p01_factory_logistics_showcase
A1,closed_loop,modern_tcn_22d,epsi_peak,101,6,0.0783064842422124,0.05921142369156595,0.201869758313491,p01_factory_logistics_showcase
A1,closed_loop,modern_tcn_22d,epsi_peak,202,6,0.07175792739184148,0.06248184233965545,0.176601290382704,p01_factory_logistics_showcase
A1,closed_loop,modern_tcn_22d,epsi_peak,340,6,0.07459715772927329,0.0553880456103112,0.170826493838929,p01_factory_logistics_showcase
A1,closed_loop,modern_tcn_22d,epsi_peak,520,6,0.05812076535497012,0.044103735563709,0.136027703739706,p01_factory_logistics_showcase
A1,closed_loop,modern_tcn_22d,ev_rmse,1,6,0.08662244534494441,0.03454438233548435,0.378747279111215,p01_factory_logistics_showcase
A1,closed_loop,modern_tcn_22d,ev_rmse,7,6,0.027129611298400563,0.02934578758163665,0.0490107622824116,p03_long_updown
A1,closed_loop,modern_tcn_22d,ev_rmse,11,6,0.025758654914891918,0.0248488376688407,0.0587682527346113,p03_long_updown
A1,closed_loop,modern_tcn_22d,ev_rmse,21,6,0.025946504468820224,0.02410132788677945,0.056609268201052,p03_long_updown
A1,closed_loop,modern_tcn_22d,ev_rmse,42,6,0.028740851420499893,0.028167507726916702,0.0649480356352036,p03_long_updown
A1,closed_loop,modern_tcn_22d,ev_rmse,73,6,0.02757591048766557,0.028886239949815297,0.0549361190467361,p03_long_updown
A1,closed_loop,modern_tcn_22d,ev_rmse,101,6,0.02826947007483928,0.02399659722310335,0.0703052166870584,p03_long_updown
A1,closed_loop,modern_tcn_22d,ev_rmse,202,6,0.02808207507047609,0.02993191774666395,0.0587084811580361,p03_long_updown
A1,closed_loop,modern_tcn_22d,ev_rmse,340,6,0.026524924646616998,0.0261695895458935,0.0514633661390125,p03_long_updown
A1,closed_loop,modern_tcn_22d,ev_rmse,520,6,0.02557601979231543,0.0228128916503723,0.0619194646856131,p03_long_updown
A1,closed_loop,modern_tcn_delta_bank_124,ey_rmse,1,6,0.018650684978359828,0.019216105040028998,0.0356352504867224,p02_sharp_turn_transition
A1,closed_loop,modern_tcn_delta_bank_124,ey_rmse,7,6,0.02984046424318997,0.02376342209787055,0.0858422774735051,p01_factory_logistics_showcase
A1,closed_loop,modern_tcn_delta_bank_124,ey_rmse,11,6,0.03558699002523159,0.03070059910863345,0.0964467932768882,p03_long_updown
A1,closed_loop,modern_tcn_delta_bank_124,ey_rmse,21,6,0.019536174876823565,0.01675900226258185,0.0373989595963023,p02_sharp_turn_transition
A1,closed_loop,modern_tcn_delta_bank_124,ey_rmse,42,6,0.02228477547393759,0.0210727142725623,0.0445976814105701,p02_sharp_turn_transition
A1,closed_loop,modern_tcn_delta_bank_124,ey_rmse,73,6,0.023751655505717523,0.017569688386386048,0.0662708803598088,p03_long_updown
A1,closed_loop,modern_tcn_delta_bank_124,ey_rmse,101,6,0.019408472241110992,0.01960155611213185,0.0442850500310017,p02_sharp_turn_transition
A1,closed_loop,modern_tcn_delta_bank_124,ey_rmse,202,6,0.02551728003300194,0.02834362423047055,0.049817143269258,p02_sharp_turn_transition
A1,closed_loop,modern_tcn_delta_bank_124,ey_rmse,340,6,0.018865517716151848,0.016947782533777,0.0431740558328039,p03_long_updown
A1,closed_loop,modern_tcn_delta_bank_124,ey_rmse,520,6,0.0461210709158647,0.03269370475992115,0.142079047584606,p01_factory_logistics_showcase
A1,closed_loop,modern_tcn_delta_bank_124,epsi_rmse,1,6,0.01897761814743729,0.02228800160440345,0.0265162848630002,p01_factory_logistics_showcase
A1,closed_loop,modern_tcn_delta_bank_124,epsi_rmse,7,6,0.029285824374281066,0.02298043858178355,0.0768102592565184,p01_factory_logistics_showcase
A1,closed_loop,modern_tcn_delta_bank_124,epsi_rmse,11,6,0.028559412238832713,0.0275855698860228,0.0572998248927409,p01_factory_logistics_showcase
A1,closed_loop,modern_tcn_delta_bank_124,epsi_rmse,21,6,0.016224693186365775,0.014330368498616141,0.0310808613333652,p03_long_updown
A1,closed_loop,modern_tcn_delta_bank_124,epsi_rmse,42,6,0.02094586527355209,0.01599794132421365,0.0418167202184135,p03_long_updown
A1,closed_loop,modern_tcn_delta_bank_124,epsi_rmse,73,6,0.020857548750721402,0.0206366563690831,0.0371784979576306,p03_long_updown
A1,closed_loop,modern_tcn_delta_bank_124,epsi_rmse,101,6,0.018685664303762332,0.0174703480832499,0.0324434731824276,p02_sharp_turn_transition
A1,closed_loop,modern_tcn_delta_bank_124,epsi_rmse,202,6,0.026416172638277963,0.030278007753412696,0.0447203513236054,p01_factory_logistics_showcase
A1,closed_loop,modern_tcn_delta_bank_124,epsi_rmse,340,6,0.01588662579210583,0.013556328179227601,0.0269852706366449,p03_long_updown
A1,closed_loop,modern_tcn_delta_bank_124,epsi_rmse,520,6,0.04023049709647792,0.0357310076227466,0.106281926498668,p01_factory_logistics_showcase
A1,closed_loop,modern_tcn_delta_bank_124,j_du,1,6,0.7927905420030542,0.39916730635316555,2.92912277613954,p03_long_updown
A1,closed_loop,modern_tcn_delta_bank_124,j_du,7,6,1.5989418647454743,0.7100617645950991,4.29111876381025,p03_long_updown
A1,closed_loop,modern_tcn_delta_bank_124,j_du,11,6,0.9499058535781719,0.542135012094827,3.37581155300138,p03_long_updown
A1,closed_loop,modern_tcn_delta_bank_124,j_du,21,6,0.792111325775089,0.415213670720351,2.84915929734083,p03_long_updown
A1,closed_loop,modern_tcn_delta_bank_124,j_du,42,6,0.8257382373224303,0.418817263879755,3.14745616885043,p03_long_updown
A1,closed_loop,modern_tcn_delta_bank_124,j_du,73,6,0.9474179630094426,0.41908339702574104,3.87151873332247,p03_long_updown
A1,closed_loop,modern_tcn_delta_bank_124,j_du,101,6,0.8173032673468379,0.3928420880294985,3.11284930014842,p03_long_updown
A1,closed_loop,modern_tcn_delta_bank_124,j_du,202,6,0.6952371120292796,0.407880033719427,2.27208455287685,p03_long_updown
A1,closed_loop,modern_tcn_delta_bank_124,j_du,340,6,0.7658036937264328,0.422182863643486,2.80929556211931,p03_long_updown
A1,closed_loop,modern_tcn_delta_bank_124,j_du,520,6,3.064309079196534,0.8257166808387946,13.2908578619166,p01_factory_logistics_showcase
A1,closed_loop,modern_tcn_delta_bank_124,xy_rmse,1,6,0.4531680749683276,0.28011202345345654,1.32048881876103,p01_factory_logistics_showcase
A1,closed_loop,modern_tcn_delta_bank_124,xy_rmse,7,6,0.7023760404299205,0.373387207460143,2.51072392968637,p01_factory_logistics_showcase
A1,closed_loop,modern_tcn_delta_bank_124,xy_rmse,11,6,0.7072196495118983,0.4202295099055715,2.26485899591302,p01_factory_logistics_showcase
A1,closed_loop,modern_tcn_delta_bank_124,xy_rmse,21,6,0.4148617141984472,0.28355456789445554,1.02113091008298,p01_factory_logistics_showcase
A1,closed_loop,modern_tcn_delta_bank_124,xy_rmse,42,6,0.547181429526035,0.3935986289163265,1.34818556148444,p01_factory_logistics_showcase
A1,closed_loop,modern_tcn_delta_bank_124,xy_rmse,73,6,0.49031829874012217,0.32278959150113,1.15449498612368,p01_factory_logistics_showcase
A1,closed_loop,modern_tcn_delta_bank_124,xy_rmse,101,6,0.422641702383946,0.3667286221224705,0.774001086909774,p01_factory_logistics_showcase
A1,closed_loop,modern_tcn_delta_bank_124,xy_rmse,202,6,0.6455663419932494,0.3934258218469725,1.89315540005669,p01_factory_logistics_showcase
A1,closed_loop,modern_tcn_delta_bank_124,xy_rmse,340,6,0.38971892368251226,0.299788913420686,0.909731221657949,p01_factory_logistics_showcase
A1,closed_loop,modern_tcn_delta_bank_124,xy_rmse,520,6,0.9960377352805435,0.506978341467749,3.63133090435228,p01_factory_logistics_showcase
A1,closed_loop,modern_tcn_delta_bank_124,omega_cmd_rms,1,6,0.056870242592192956,0.054746546535423504,0.0867979648855641,p02_sharp_turn_transition
A1,closed_loop,modern_tcn_delta_bank_124,omega_cmd_rms,7,6,0.05906383382973291,0.0608644481509614,0.0797836483363702,p01_factory_logistics_showcase
A1,closed_loop,modern_tcn_delta_bank_124,omega_cmd_rms,11,6,0.05732544648521057,0.0633052387447777,0.0734773366638839,p02_sharp_turn_transition
A1,closed_loop,modern_tcn_delta_bank_124,omega_cmd_rms,21,6,0.0540830180959277,0.047456626471413646,0.0891113085865894,p02_sharp_turn_transition
A1,closed_loop,modern_tcn_delta_bank_124,omega_cmd_rms,42,6,0.05300829042553429,0.04983612919445695,0.074551961375873,p02_sharp_turn_transition
A1,closed_loop,modern_tcn_delta_bank_124,omega_cmd_rms,73,6,0.054763345961077965,0.04815721046149335,0.0864679934951847,p02_sharp_turn_transition
A1,closed_loop,modern_tcn_delta_bank_124,omega_cmd_rms,101,6,0.05267694020424204,0.04733416198469055,0.0771835431745512,p02_sharp_turn_transition
A1,closed_loop,modern_tcn_delta_bank_124,omega_cmd_rms,202,6,0.05992626966268013,0.061187830882186045,0.0934077318650103,p02_sharp_turn_transition
A1,closed_loop,modern_tcn_delta_bank_124,omega_cmd_rms,340,6,0.05271466736081796,0.045936268351114556,0.0793467086998956,p02_sharp_turn_transition
A1,closed_loop,modern_tcn_delta_bank_124,omega_cmd_rms,520,6,0.07298859415827748,0.06315086511790614,0.159731703811138,p01_factory_logistics_showcase
A1,closed_loop,modern_tcn_delta_bank_124,ey_peak,1,6,0.05359289119248114,0.06445480622544465,0.0814215609240147,p02_sharp_turn_transition
A1,closed_loop,modern_tcn_delta_bank_124,ey_peak,7,6,0.09815963699020284,0.0651340832793886,0.33821940680291,p01_factory_logistics_showcase
A1,closed_loop,modern_tcn_delta_bank_124,ey_peak,11,6,0.11137925165798533,0.07293069598197525,0.310003917604896,p03_long_updown
A1,closed_loop,modern_tcn_delta_bank_124,ey_peak,21,6,0.060032199876972114,0.0694614972861223,0.0914391877712594,p03_long_updown
A1,closed_loop,modern_tcn_delta_bank_124,ey_peak,42,6,0.06357028867562779,0.069134240261483,0.123778213382829,p02_sharp_turn_transition
A1,closed_loop,modern_tcn_delta_bank_124,ey_peak,73,6,0.06936209392098858,0.05461300457504955,0.199556377356559,p03_long_updown
A1,closed_loop,modern_tcn_delta_bank_124,ey_peak,101,6,0.06016848856062928,0.06177476057674885,0.115843980927065,p02_sharp_turn_transition
A1,closed_loop,modern_tcn_delta_bank_124,ey_peak,202,6,0.07994293522943645,0.0725388746793974,0.149307087615266,p02_sharp_turn_transition
A1,closed_loop,modern_tcn_delta_bank_124,ey_peak,340,6,0.06075572716643108,0.047961236377271246,0.140655482095413,p03_long_updown
A1,closed_loop,modern_tcn_delta_bank_124,ey_peak,520,6,0.14885738958998487,0.0888515902311665,0.5099960828937,p01_factory_logistics_showcase
A1,closed_loop,modern_tcn_delta_bank_124,epsi_peak,1,6,0.05093141234722615,0.04901636451543975,0.101423070366102,p01_factory_logistics_showcase
A1,closed_loop,modern_tcn_delta_bank_124,epsi_peak,7,6,0.08001270672949168,0.050271386181128946,0.231167535480764,p01_factory_logistics_showcase
A1,closed_loop,modern_tcn_delta_bank_124,epsi_peak,11,6,0.07617646618300382,0.062220969053670805,0.185784822776173,p01_factory_logistics_showcase
A1,closed_loop,modern_tcn_delta_bank_124,epsi_peak,21,6,0.05020740707144553,0.0520048699112626,0.0842486367474131,p01_factory_logistics_showcase
A1,closed_loop,modern_tcn_delta_bank_124,epsi_peak,42,6,0.05789239851085377,0.053817452784736944,0.101226000057187,p02_sharp_turn_transition
A1,closed_loop,modern_tcn_delta_bank_124,epsi_peak,73,6,0.05520026033058364,0.0550002448781778,0.097285559726619,p03_long_updown
A1,closed_loop,modern_tcn_delta_bank_124,epsi_peak,101,6,0.05143842024771734,0.04580725344580645,0.0944619000760747,p02_sharp_turn_transition
A1,closed_loop,modern_tcn_delta_bank_124,epsi_peak,202,6,0.06516215237564289,0.06055932044540785,0.14462686866584,p01_factory_logistics_showcase
A1,closed_loop,modern_tcn_delta_bank_124,epsi_peak,340,6,0.045636692431814015,0.04691613039399605,0.0706339208271025,p03_long_updown
A1,closed_loop,modern_tcn_delta_bank_124,epsi_peak,520,6,0.10469375254080308,0.0756214598897202,0.309632397420695,p01_factory_logistics_showcase
A1,closed_loop,modern_tcn_delta_bank_124,ev_rmse,1,6,0.02595727115603724,0.0266389928792658,0.0537774790095645,p03_long_updown
A1,closed_loop,modern_tcn_delta_bank_124,ev_rmse,7,6,0.0279669880523952,0.026823966630228,0.0588518298504073,p03_long_updown
A1,closed_loop,modern_tcn_delta_bank_124,ev_rmse,11,6,0.026649042266628065,0.025922848047734648,0.059416682749149,p03_long_updown
A1,closed_loop,modern_tcn_delta_bank_124,ev_rmse,21,6,0.02757586282478224,0.0214365945231994,0.0683896176182428,p03_long_updown
A1,closed_loop,modern_tcn_delta_bank_124,ev_rmse,42,6,0.028884279652000338,0.02702542558224465,0.0657310055462216,p03_long_updown
A1,closed_loop,modern_tcn_delta_bank_124,ev_rmse,73,6,0.027900479925339252,0.0271394363028315,0.0650482770126307,p03_long_updown
A1,closed_loop,modern_tcn_delta_bank_124,ev_rmse,101,6,0.028072384437198655,0.02768909418789665,0.0604205816682266,p03_long_updown
A1,closed_loop,modern_tcn_delta_bank_124,ev_rmse,202,6,0.03029513641475962,0.03205854519466615,0.0584167976266502,p03_long_updown
A1,closed_loop,modern_tcn_delta_bank_124,ev_rmse,340,6,0.02620882306057362,0.0229156938113804,0.062061493747812,p03_long_updown
A1,closed_loop,modern_tcn_delta_bank_124,ev_rmse,520,6,0.03015035130340264,0.0326070488548027,0.0618300276597374,p03_long_updown
A1,closed_loop,tcn_22d,ey_rmse,1,6,0.9779585411895968,0.11229387960424404,5.1624624113225,p01_factory_logistics_showcase
A1,closed_loop,tcn_22d,ey_rmse,7,6,1.0381447606735426,0.1912837697222365,5.1877332482336,p01_factory_logistics_showcase
A1,closed_loop,tcn_22d,ey_rmse,11,6,0.7876231865197657,0.0532726702319,4.50025924667414,p01_factory_logistics_showcase
A1,closed_loop,tcn_22d,ey_rmse,21,6,1.1413123113841128,0.1884714402515857,5.95212145758711,p01_factory_logistics_showcase
A1,closed_loop,tcn_22d,ey_rmse,42,6,0.7905036911839175,0.09793665259266014,4.2378592939551,p01_factory_logistics_showcase
A1,closed_loop,tcn_22d,ey_rmse,73,6,0.6343610603937109,0.06651242449947364,3.51166488937812,p01_factory_logistics_showcase
A1,closed_loop,tcn_22d,ey_rmse,101,6,0.9373401884533642,0.09104771422153049,5.27473142988709,p01_factory_logistics_showcase
A1,closed_loop,tcn_22d,ey_rmse,202,6,0.914135258087668,0.21084597195050775,4.52110784717409,p01_factory_logistics_showcase
A1,closed_loop,tcn_22d,ey_rmse,340,6,0.019145847302429093,0.0198194886801863,0.037136479110364,p03_long_updown
A1,closed_loop,tcn_22d,ey_rmse,520,6,1.085741930614876,0.1819350091878374,5.59688949095386,p01_factory_logistics_showcase
A1,closed_loop,tcn_22d,epsi_rmse,1,6,0.20059703502161233,0.059530362429576905,0.8956626023111,p01_factory_logistics_showcase
A1,closed_loop,tcn_22d,epsi_rmse,7,6,0.21838286099844503,0.07260699387333899,0.980347812498415,p01_factory_logistics_showcase
A1,closed_loop,tcn_22d,epsi_rmse,11,6,0.19375424428325247,0.0527751955430899,0.963798994442748,p01_factory_logistics_showcase
A1,closed_loop,tcn_22d,epsi_rmse,21,6,0.18670664454720262,0.05517489505216125,0.864175450916882,p01_factory_logistics_showcase
A1,closed_loop,tcn_22d,epsi_rmse,42,6,0.2585455928408441,0.0491956990458075,1.29206657276882,p01_factory_logistics_showcase
A1,closed_loop,tcn_22d,epsi_rmse,73,6,0.15521679999131552,0.04159640445293035,0.735720417413981,p01_factory_logistics_showcase
A1,closed_loop,tcn_22d,epsi_rmse,101,6,0.20157161438332763,0.05834472955444585,0.927916774995673,p01_factory_logistics_showcase
A1,closed_loop,tcn_22d,epsi_rmse,202,6,0.09273953221980243,0.05661066772416178,0.282890503290434,p01_factory_logistics_showcase
A1,closed_loop,tcn_22d,epsi_rmse,340,6,0.019282383827181192,0.0199539159750612,0.0309067875949692,p02_sharp_turn_transition
A1,closed_loop,tcn_22d,epsi_rmse,520,6,0.22740822030212815,0.0656526018744536,1.07873192164291,p01_factory_logistics_showcase
A1,closed_loop,tcn_22d,j_du,1,6,209.61658444700677,60.16074952525641,866.024399735857,p02_sharp_turn_transition
A1,closed_loop,tcn_22d,j_du,7,6,72.54199881326802,40.79874933147893,271.916693069821,p01_factory_logistics_showcase
A1,closed_loop,tcn_22d,j_du,11,6,163.05969575434406,133.01369547630063,372.109445676683,p03_long_updown
A1,closed_loop,tcn_22d,j_du,21,6,160.67176816918257,96.7174971815093,487.128393496843,p02_sharp_turn_transition
A1,closed_loop,tcn_22d,j_du,42,6,111.42179253939447,68.88300766596494,295.41914234541,p01_factory_logistics_showcase
A1,closed_loop,tcn_22d,j_du,73,6,121.51380065565195,32.84010185899428,585.504946431575,p01_factory_logistics_showcase
A1,closed_loop,tcn_22d,j_du,101,6,89.95915106594344,33.15190510323723,286.481412786549,p03_long_updown
A1,closed_loop,tcn_22d,j_du,202,6,214.89667295022159,96.23047488814235,889.132155340408,p02_sharp_turn_transition
A1,closed_loop,tcn_22d,j_du,340,6,0.8834028756223914,0.453343519623835,3.15112922173275,p03_long_updown
A1,closed_loop,tcn_22d,j_du,520,6,127.42278655330051,75.93543259041299,386.257707049987,p02_sharp_turn_transition
A1,closed_loop,tcn_22d,xy_rmse,1,6,6.21693901355437,1.302284943992157,32.2095700306798,p01_factory_logistics_showcase
A1,closed_loop,tcn_22d,xy_rmse,7,6,6.524684878476321,1.5962331266154228,33.0807567359015,p01_factory_logistics_showcase
A1,closed_loop,tcn_22d,xy_rmse,11,6,5.778506263860968,0.81875172671955,31.3243106815076,p01_factory_logistics_showcase
A1,closed_loop,tcn_22d,xy_rmse,21,6,5.82593410124062,1.0272226244059501,30.258685199939,p01_factory_logistics_showcase
A1,closed_loop,tcn_22d,xy_rmse,42,6,6.6349364959763975,0.908049294335478,35.5246237598749,p01_factory_logistics_showcase
A1,closed_loop,tcn_22d,xy_rmse,73,6,3.981974637451111,0.6912326614155995,20.6477586458799,p01_factory_logistics_showcase
A1,closed_loop,tcn_22d,xy_rmse,101,6,6.21758749750865,1.2079760838459455,32.6493685685503,p01_factory_logistics_showcase
A1,closed_loop,tcn_22d,xy_rmse,202,6,6.3590824721068335,1.0978517323946935,33.1261726762778,p01_factory_logistics_showcase
A1,closed_loop,tcn_22d,xy_rmse,340,6,0.48781076137707946,0.331941610675399,1.37543616620898,p01_factory_logistics_showcase
A1,closed_loop,tcn_22d,xy_rmse,520,6,6.1858471935373105,1.250363105235805,31.7870137526947,p01_factory_logistics_showcase
A1,closed_loop,tcn_22d,omega_cmd_rms,1,6,0.26363718872910474,0.0897928702717953,1.01374966003265,p01_factory_logistics_showcase
A1,closed_loop,tcn_22d,omega_cmd_rms,7,6,0.3059813404922717,0.1418690670199324,1.01328425354984,p01_factory_logistics_showcase
A1,closed_loop,tcn_22d,omega_cmd_rms,11,6,0.22280914463589008,0.07111911147586406,1.01374144450652,p01_factory_logistics_showcase
A1,closed_loop,tcn_22d,omega_cmd_rms,21,6,0.28725443779045967,0.15349666744855006,1.01050985864578,p01_factory_logistics_showcase
A1,closed_loop,tcn_22d,omega_cmd_rms,42,6,0.2526913246945121,0.12048087761135765,1.01231798194547,p01_factory_logistics_showcase
A1,closed_loop,tcn_22d,omega_cmd_rms,73,6,0.151013537235109,0.07792581830366285,0.573273197040549,p01_factory_logistics_showcase
A1,closed_loop,tcn_22d,omega_cmd_rms,101,6,0.23908104268820074,0.08006526700206726,1.01341058877857,p01_factory_logistics_showcase
A1,closed_loop,tcn_22d,omega_cmd_rms,202,6,0.3065876170234444,0.1784480736519279,0.989008908956411,p01_factory_logistics_showcase
A1,closed_loop,tcn_22d,omega_cmd_rms,340,6,0.05537982092032282,0.05340232528426555,0.079039441833176,p02_sharp_turn_transition
A1,closed_loop,tcn_22d,omega_cmd_rms,520,6,0.2900589661241703,0.143878465129467,1.0131738889812,p01_factory_logistics_showcase
A1,closed_loop,tcn_22d,ey_peak,1,6,4.2703706815112,0.31399476433332973,23.6192213549401,p01_factory_logistics_showcase
A1,closed_loop,tcn_22d,ey_peak,7,6,4.381971728259659,0.4941822012194582,23.6417811840117,p01_factory_logistics_showcase
A1,closed_loop,tcn_22d,ey_peak,11,6,4.016242090518882,0.15724201887372405,23.4594084869796,p01_factory_logistics_showcase
A1,closed_loop,tcn_22d,ey_peak,21,6,4.268278624608256,0.538861296188188,23.1796420835565,p01_factory_logistics_showcase
A1,closed_loop,tcn_22d,ey_peak,42,6,4.098534713093225,0.20374976956753155,23.2979120620507,p01_factory_logistics_showcase
A1,closed_loop,tcn_22d,ey_peak,73,6,3.8958664977571673,0.173408748277485,22.5364724966135,p01_factory_logistics_showcase
A1,closed_loop,tcn_22d,ey_peak,101,6,4.106188938865867,0.19783837772674875,23.7377482502681,p01_factory_logistics_showcase
A1,closed_loop,tcn_22d,ey_peak,202,6,1.6003084249039512,0.565478137705116,6.98662866464894,p01_factory_logistics_showcase
A1,closed_loop,tcn_22d,ey_peak,340,6,0.06414005469767718,0.06053247891863785,0.117214066503517,p03_long_updown
A1,closed_loop,tcn_22d,ey_peak,520,6,4.347954224183905,0.48656391303308033,23.643547889442,p01_factory_logistics_showcase
A1,closed_loop,tcn_22d,epsi_peak,1,6,0.6439080354204773,0.12713350452883931,3.14125279043879,p01_factory_logistics_showcase
A1,closed_loop,tcn_22d,epsi_peak,7,6,0.6347300162650104,0.1377182862282991,3.1407000352426,p01_factory_logistics_showcase
A1,closed_loop,tcn_22d,epsi_peak,11,6,0.6044454652467973,0.11240595619113555,3.14007402049827,p01_factory_logistics_showcase
A1,closed_loop,tcn_22d,epsi_peak,21,6,0.6173236407354263,0.12703846712244452,3.13970295919698,p01_factory_logistics_showcase
A1,closed_loop,tcn_22d,epsi_peak,42,6,0.6114923451401088,0.1113924153692385,3.14127133889384,p01_factory_logistics_showcase
A1,closed_loop,tcn_22d,epsi_peak,73,6,0.5985346383965179,0.0918404899861479,3.14109393478303,p01_factory_logistics_showcase
A1,closed_loop,tcn_22d,epsi_peak,101,6,0.6128006727988914,0.11604072881217065,3.14126148339257,p01_factory_logistics_showcase
A1,closed_loop,tcn_22d,epsi_peak,202,6,0.23211071287949295,0.15784329783094758,0.722402510664275,p01_factory_logistics_showcase
A1,closed_loop,tcn_22d,epsi_peak,340,6,0.057735878374389836,0.059435362392704104,0.0896234441595163,p01_factory_logistics_showcase
A1,closed_loop,tcn_22d,epsi_peak,520,6,0.6222920538680438,0.12897646980406074,3.14109519356825,p01_factory_logistics_showcase
A1,closed_loop,tcn_22d,ev_rmse,1,6,1.014407151142163,0.08158443187271275,5.77717528234051,p01_factory_logistics_showcase
A1,closed_loop,tcn_22d,ev_rmse,7,6,1.0171985636493837,0.08104853298880445,5.77968636990345,p01_factory_logistics_showcase
A1,closed_loop,tcn_22d,ev_rmse,11,6,0.9616152592730929,0.0650822383740903,5.51775231414993,p01_factory_logistics_showcase
A1,closed_loop,tcn_22d,ev_rmse,21,6,1.0225789451684313,0.05857550127642665,5.87395904926632,p01_factory_logistics_showcase
A1,closed_loop,tcn_22d,ev_rmse,42,6,1.0062000925580323,0.05312843577767215,5.78939970088211,p01_factory_logistics_showcase
A1,closed_loop,tcn_22d,ev_rmse,73,6,0.805547245766602,0.0471464638487503,4.62323229291154,p01_factory_logistics_showcase
A1,closed_loop,tcn_22d,ev_rmse,101,6,1.0353499345751083,0.0748759963641003,5.92191159407975,p01_factory_logistics_showcase
A1,closed_loop,tcn_22d,ev_rmse,202,6,0.1416185605964909,0.07772426393038125,0.547844182095446,p01_factory_logistics_showcase
A1,closed_loop,tcn_22d,ev_rmse,340,6,0.02353881155204859,0.024756161560936747,0.0448411237084818,p03_long_updown
A1,closed_loop,tcn_22d,ev_rmse,520,6,1.0420210056240138,0.0713978465380677,5.95701338912532,p01_factory_logistics_showcase
A4,controller_source,Fusion_LPV_MPC,ey_rmse,1,6,0.021625013599286317,0.01895916177331646,0.04342006418255453,p02_sharp_turn_transition
A4,controller_source,Fusion_LPV_MPC,ey_rmse,7,6,0.025313114389551746,0.023603340146062746,0.0551212466263316,p01_factory_logistics_showcase
A4,controller_source,Fusion_LPV_MPC,ey_rmse,11,6,0.019117192775515678,0.019112330945614098,0.042607912685914906,p01_factory_logistics_showcase
A4,controller_source,Fusion_LPV_MPC,ey_rmse,21,6,0.022582397934157807,0.01564080501418593,0.04432773412323626,p02_sharp_turn_transition
A4,controller_source,Fusion_LPV_MPC,ey_rmse,42,6,0.017621599028240526,0.016952323744593475,0.036218403557399644,p02_sharp_turn_transition
A4,controller_source,Fusion_LPV_MPC,ey_rmse,73,6,0.018431940664012384,0.012194073748235675,0.03889318904372691,p03_long_updown
A4,controller_source,Fusion_LPV_MPC,ey_rmse,101,6,0.03066453952595008,0.027255089945766538,0.062361049054069966,p05_factory_flat_logistics
A4,controller_source,Fusion_LPV_MPC,ey_rmse,202,6,0.020594549591379227,0.02041358945416681,0.04517635777319227,p02_sharp_turn_transition
A4,controller_source,Fusion_LPV_MPC,ey_rmse,340,6,0.02065790166188297,0.01386136461041898,0.048150395436466015,p02_sharp_turn_transition
A4,controller_source,Fusion_LPV_MPC,ey_rmse,520,6,0.039721135024702474,0.026901366397899217,0.09015094238789166,p01_factory_logistics_showcase
A4,controller_source,Fusion_LPV_MPC,epsi_rmse,1,6,0.01804521807698986,0.01906958486200714,0.027713835622310775,p01_factory_logistics_showcase
A4,controller_source,Fusion_LPV_MPC,epsi_rmse,7,6,0.01881255227358004,0.01698349308721251,0.03587014387136107,p01_factory_logistics_showcase
A4,controller_source,Fusion_LPV_MPC,epsi_rmse,11,6,0.020156803771116585,0.017550643841673493,0.04151952438357117,p01_factory_logistics_showcase
A4,controller_source,Fusion_LPV_MPC,epsi_rmse,21,6,0.015497351813495111,0.013878702216111701,0.02819670296203859,p03_long_updown
A4,controller_source,Fusion_LPV_MPC,epsi_rmse,42,6,0.01713656869246056,0.013941442167622515,0.03087040015318727,p02_sharp_turn_transition
A4,controller_source,Fusion_LPV_MPC,epsi_rmse,73,6,0.016219292099132778,0.01616035925652767,0.025200206615697485,p03_long_updown
A4,controller_source,Fusion_LPV_MPC,epsi_rmse,101,6,0.026243668426566506,0.027142043602584407,0.04819466076257623,p05_factory_flat_logistics
A4,controller_source,Fusion_LPV_MPC,epsi_rmse,202,6,0.021003609431609473,0.024444923362827057,0.03273947846235409,p02_sharp_turn_transition
A4,controller_source,Fusion_LPV_MPC,epsi_rmse,340,6,0.01511213188603693,0.013586709938518186,0.024380566205441496,p02_sharp_turn_transition
A4,controller_source,Fusion_LPV_MPC,epsi_rmse,520,6,0.03215749020579303,0.025584354551698253,0.08271647382221813,p01_factory_logistics_showcase
A4,controller_source,Fusion_LPV_MPC,j_du,1,6,0.6288034127145262,0.4124692268548243,1.9270712544100672,p03_long_updown
A4,controller_source,Fusion_LPV_MPC,j_du,7,6,0.5684473307475774,0.4056989285878261,1.7339223007662026,p03_long_updown
A4,controller_source,Fusion_LPV_MPC,j_du,11,6,0.5562338092615641,0.40976936166826616,1.6497722992218824,p03_long_updown
A4,controller_source,Fusion_LPV_MPC,j_du,21,6,0.629225485369219,0.41900126829265594,1.9312795036752124,p03_long_updown
A4,controller_source,Fusion_LPV_MPC,j_du,42,6,0.6109584536728577,0.42857013334686433,1.8698046712016885,p03_long_updown
A4,controller_source,Fusion_LPV_MPC,j_du,73,6,0.5759229783359242,0.4046983999232678,1.7633852820929325,p03_long_updown
A4,controller_source,Fusion_LPV_MPC,j_du,101,6,0.6847868408140204,0.45900943384138737,1.8267660678534399,p03_long_updown
A4,controller_source,Fusion_LPV_MPC,j_du,202,6,0.6326771213939711,0.4003887554513197,1.8547651335634323,p03_long_updown
A4,controller_source,Fusion_LPV_MPC,j_du,340,6,0.6429014640544252,0.4346749957772478,1.9165749624205548,p03_long_updown
A4,controller_source,Fusion_LPV_MPC,j_du,520,6,2.2585352006633226,0.7061719963129975,9.69277167916935,p01_factory_logistics_showcase
A4,controller_source,Fusion_LPV_MPC,xy_rmse,1,6,0.4490764646049215,0.2805121219413067,1.4162025556380167,p01_factory_logistics_showcase
A4,controller_source,Fusion_LPV_MPC,xy_rmse,7,6,0.4061424992101524,0.32627839094582667,1.088864376995839,p01_factory_logistics_showcase
A4,controller_source,Fusion_LPV_MPC,xy_rmse,11,6,0.6441908361107461,0.32084842417086934,2.4086313926864493,p01_factory_logistics_showcase
A4,controller_source,Fusion_LPV_MPC,xy_rmse,21,6,0.35473405176381495,0.2730369333095456,0.8331480862573658,p01_factory_logistics_showcase
A4,controller_source,Fusion_LPV_MPC,xy_rmse,42,6,0.41579225746299003,0.35270325975310346,0.9032885780412433,p01_factory_logistics_showcase
A4,controller_source,Fusion_LPV_MPC,xy_rmse,73,6,0.3689198384481965,0.2828504881912457,0.9027748857114757,p01_factory_logistics_showcase
A4,controller_source,Fusion_LPV_MPC,xy_rmse,101,6,0.5308834851776317,0.4104126671694375,0.981558646727474,p05_factory_flat_logistics
A4,controller_source,Fusion_LPV_MPC,xy_rmse,202,6,0.4243986560459576,0.3678038888798212,0.8028462738190978,p01_factory_logistics_showcase
A4,controller_source,Fusion_LPV_MPC,xy_rmse,340,6,0.3693282863627078,0.2815188547332429,0.964012961787391,p01_factory_logistics_showcase
A4,controller_source,Fusion_LPV_MPC,xy_rmse,520,6,0.8049059403604337,0.39970865937579003,2.9359939222229827,p01_factory_logistics_showcase
A4,controller_source,Fusion_LPV_MPC,omega_cmd_rms,1,6,0.05786123159336725,0.05706213820631799,0.08805242184343218,p02_sharp_turn_transition
A4,controller_source,Fusion_LPV_MPC,omega_cmd_rms,7,6,0.05508538987370833,0.054936642237000344,0.07649238104615998,p02_sharp_turn_transition
A4,controller_source,Fusion_LPV_MPC,omega_cmd_rms,11,6,0.053302485581349125,0.05018711475663625,0.07591767511265456,p02_sharp_turn_transition
A4,controller_source,Fusion_LPV_MPC,omega_cmd_rms,21,6,0.055319096115497596,0.050023222811710136,0.09014047388983061,p02_sharp_turn_transition
A4,controller_source,Fusion_LPV_MPC,omega_cmd_rms,42,6,0.051524442752225806,0.04767620313661351,0.07012305078848773,p02_sharp_turn_transition
A4,controller_source,Fusion_LPV_MPC,omega_cmd_rms,73,6,0.05327514297362041,0.04975073782998652,0.07911860190728373,p02_sharp_turn_transition
A4,controller_source,Fusion_LPV_MPC,omega_cmd_rms,101,6,0.059811278390950906,0.06050827441449462,0.08822579467629846,p05_factory_flat_logistics
A4,controller_source,Fusion_LPV_MPC,omega_cmd_rms,202,6,0.055241186734525806,0.0508659987403661,0.08724008971795104,p02_sharp_turn_transition
A4,controller_source,Fusion_LPV_MPC,omega_cmd_rms,340,6,0.055304326490360656,0.050760886048650616,0.08539816276023104,p02_sharp_turn_transition
A4,controller_source,Fusion_LPV_MPC,omega_cmd_rms,520,6,0.06500319717997201,0.05981201017895694,0.11979556350813983,p01_factory_logistics_showcase
A4,controller_source,Fusion_LPV_MPC,ey_peak,1,6,0.06538792485994244,0.06935929046567677,0.11474130707661435,p02_sharp_turn_transition
A4,controller_source,Fusion_LPV_MPC,ey_peak,7,6,0.07232905212737246,0.054481353710773256,0.1879493334321117,p01_factory_logistics_showcase
A4,controller_source,Fusion_LPV_MPC,ey_peak,11,6,0.05126175141700878,0.05225743483948467,0.10577632924947065,p01_factory_logistics_showcase
A4,controller_source,Fusion_LPV_MPC,ey_peak,21,6,0.07190851735393027,0.07651704708884201,0.13532861601714063,p03_long_updown
A4,controller_source,Fusion_LPV_MPC,ey_peak,42,6,0.0564037227426307,0.057907500758138886,0.11214012185123004,p02_sharp_turn_transition
A4,controller_source,Fusion_LPV_MPC,ey_peak,73,6,0.0573875771355556,0.04749768227208573,0.11828853004205703,p03_long_updown
A4,controller_source,Fusion_LPV_MPC,ey_peak,101,6,0.10477535275808925,0.09144241375323145,0.23685337817285346,p05_factory_flat_logistics
A4,controller_source,Fusion_LPV_MPC,ey_peak,202,6,0.055937436912357995,0.05853394694961227,0.11025609895790345,p02_sharp_turn_transition
A4,controller_source,Fusion_LPV_MPC,ey_peak,340,6,0.061737274102918675,0.05402435131317975,0.11328083631582564,p02_sharp_turn_transition
A4,controller_source,Fusion_LPV_MPC,ey_peak,520,6,0.1342271185016941,0.08315408834696207,0.3516989324084897,p01_factory_logistics_showcase
A4,controller_source,Fusion_LPV_MPC,epsi_peak,1,6,0.049715843326029324,0.04400370185779829,0.10301591284782541,p01_factory_logistics_showcase
A4,controller_source,Fusion_LPV_MPC,epsi_peak,7,6,0.06136527691410112,0.038395579968021454,0.16111111742602774,p01_factory_logistics_showcase
A4,controller_source,Fusion_LPV_MPC,epsi_peak,11,6,0.05590856909848798,0.038590557887644844,0.1403402451006759,p01_factory_logistics_showcase
A4,controller_source,Fusion_LPV_MPC,epsi_peak,21,6,0.048617964391969117,0.04838486372872486,0.08311935699812256,p01_factory_logistics_showcase
A4,controller_source,Fusion_LPV_MPC,epsi_peak,42,6,0.04900159446053096,0.045804017844356726,0.0918962342958719,p02_sharp_turn_transition
A4,controller_source,Fusion_LPV_MPC,epsi_peak,73,6,0.04607553379671755,0.0464858224253365,0.06868658797056576,p03_long_updown
A4,controller_source,Fusion_LPV_MPC,epsi_peak,101,6,0.08021098539614242,0.08380102046652797,0.13094012968960733,p05_factory_flat_logistics
A4,controller_source,Fusion_LPV_MPC,epsi_peak,202,6,0.05333587746983776,0.052983565493984336,0.09258087526926768,p01_factory_logistics_showcase
A4,controller_source,Fusion_LPV_MPC,epsi_peak,340,6,0.04198799883882969,0.03912876459772879,0.07738145607436975,p01_factory_logistics_showcase
A4,controller_source,Fusion_LPV_MPC,epsi_peak,520,6,0.08587100576229124,0.05406327455272833,0.24598541722892509,p01_factory_logistics_showcase
A4,controller_source,Fusion_LPV_MPC,ev_rmse,1,6,0.02375851735510026,0.02429699422588275,0.04810435155834031,p03_long_updown
A4,controller_source,Fusion_LPV_MPC,ev_rmse,7,6,0.02731182544018484,0.03113579408099712,0.04755117235699154,p03_long_updown
A4,controller_source,Fusion_LPV_MPC,ev_rmse,11,6,0.023418041516276564,0.027278221575674257,0.0426897317536674,p03_long_updown
A4,controller_source,Fusion_LPV_MPC,ev_rmse,21,6,0.023953007566953084,0.019108263880023603,0.056727921842028656,p03_long_updown
A4,controller_source,Fusion_LPV_MPC,ev_rmse,42,6,0.024429477255168548,0.023329841442751326,0.05205807866730163,p03_long_updown
A4,controller_source,Fusion_LPV_MPC,ev_rmse,73,6,0.023125691610800164,0.02203003788033195,0.046170618652890905,p03_long_updown
A4,controller_source,Fusion_LPV_MPC,ev_rmse,101,6,0.03238860563505556,0.02918280759277394,0.05313647012647069,p03_long_updown
A4,controller_source,Fusion_LPV_MPC,ev_rmse,202,6,0.027180741873373455,0.029292174381889545,0.05173900410659781,p03_long_updown
A4,controller_source,Fusion_LPV_MPC,ev_rmse,340,6,0.023506253668056826,0.022254124863947174,0.05169697112172305,p03_long_updown
A4,controller_source,Fusion_LPV_MPC,ev_rmse,520,6,0.026344714129994538,0.02688441761426677,0.054542057587339245,p03_long_updown
A4,controller_source,MTCN_LPV_MPC,ey_rmse,1,6,0.019339680464786794,0.019115535604931,0.038746305571835025,p02_sharp_turn_transition
A4,controller_source,MTCN_LPV_MPC,ey_rmse,7,6,0.025753368821092526,0.018022870514316516,0.06576476330118358,p01_factory_logistics_showcase
A4,controller_source,MTCN_LPV_MPC,ey_rmse,11,6,0.027775559719344794,0.02605502988321426,0.06824584988099955,p03_long_updown
A4,controller_source,MTCN_LPV_MPC,ey_rmse,21,6,0.019754038311726094,0.013362511809296831,0.048715441901458004,p02_sharp_turn_transition
A4,controller_source,MTCN_LPV_MPC,ey_rmse,42,6,0.018209001113496145,0.017564779122742014,0.03932962666541566,p02_sharp_turn_transition
A4,controller_source,MTCN_LPV_MPC,ey_rmse,73,6,0.01997338410733938,0.013694070693673246,0.059010749480581486,p02_sharp_turn_transition
A4,controller_source,MTCN_LPV_MPC,ey_rmse,101,6,0.03814069499071798,0.032569583111313666,0.09821592079973929,p05_factory_flat_logistics
A4,controller_source,MTCN_LPV_MPC,ey_rmse,202,6,0.025641888840855536,0.025607038388260294,0.05601601116854138,p02_sharp_turn_transition
A4,controller_source,MTCN_LPV_MPC,ey_rmse,340,6,0.017075835018520995,0.014579127740338317,0.03619643150217971,p03_long_updown
A4,controller_source,MTCN_LPV_MPC,ey_rmse,520,6,0.05182603917357966,0.03439433890958934,0.14207904758460632,p01_factory_logistics_showcase
A4,controller_source,MTCN_LPV_MPC,epsi_rmse,1,6,0.01759682619035261,0.01954899118519971,0.025052704068136665,p02_sharp_turn_transition
A4,controller_source,MTCN_LPV_MPC,epsi_rmse,7,6,0.022848259946291666,0.02014447689552166,0.04557952591152491,p01_factory_logistics_showcase
A4,controller_source,MTCN_LPV_MPC,epsi_rmse,11,6,0.022715285473512415,0.02211790844596824,0.04667897021904918,p01_factory_logistics_showcase
A4,controller_source,MTCN_LPV_MPC,epsi_rmse,21,6,0.014778428994034755,0.011982762497707031,0.02846016888411898,p02_sharp_turn_transition
A4,controller_source,MTCN_LPV_MPC,epsi_rmse,42,6,0.016971595079930145,0.01072229051215074,0.03353731175783314,p02_sharp_turn_transition
A4,controller_source,MTCN_LPV_MPC,epsi_rmse,73,6,0.01601531835495858,0.016263118453978334,0.027958319834200863,p02_sharp_turn_transition
A4,controller_source,MTCN_LPV_MPC,epsi_rmse,101,6,0.033437613281176164,0.029067963382337903,0.06832466514963156,p05_factory_flat_logistics
A4,controller_source,MTCN_LPV_MPC,epsi_rmse,202,6,0.024158737581683392,0.027789393808998645,0.03747983869678016,p06_downhill_after_turn
A4,controller_source,MTCN_LPV_MPC,epsi_rmse,340,6,0.015084617038542539,0.012998088239389421,0.025682124632501975,p02_sharp_turn_transition
A4,controller_source,MTCN_LPV_MPC,epsi_rmse,520,6,0.03800666053450278,0.02983402771435905,0.10628192649866754,p01_factory_logistics_showcase
A4,controller_source,MTCN_LPV_MPC,j_du,1,6,0.7024439570957709,0.3991673063531655,1.7647655233542832,p03_long_updown
A4,controller_source,MTCN_LPV_MPC,j_du,7,6,0.6394089307492197,0.5434717783756532,1.638324259481383,p03_long_updown
A4,controller_source,MTCN_LPV_MPC,j_du,11,6,0.5601091177872729,0.4055624799377851,1.5735410398148497,p03_long_updown
A4,controller_source,MTCN_LPV_MPC,j_du,21,6,0.7822790934470004,0.415213670720351,1.872816493040568,p02_sharp_turn_transition
A4,controller_source,MTCN_LPV_MPC,j_du,42,6,0.5968635783336668,0.41881726387975515,1.811315340376164,p03_long_updown
A4,controller_source,MTCN_LPV_MPC,j_du,73,6,0.564392252851773,0.4057638399266398,1.6671117103610826,p03_long_updown
A4,controller_source,MTCN_LPV_MPC,j_du,101,6,1.3240874301397485,0.6438966922144638,4.046771533658049,p05_factory_flat_logistics
A4,controller_source,MTCN_LPV_MPC,j_du,202,6,0.6585245451679488,0.38072019250583206,1.9025890382981567,p03_long_updown
A4,controller_source,MTCN_LPV_MPC,j_du,340,6,0.6049678942298826,0.4221828636434862,1.8752076040097578,p03_long_updown
A4,controller_source,MTCN_LPV_MPC,j_du,520,6,2.8722308370090626,0.7846163669380493,13.290857861916573,p01_factory_logistics_showcase
A4,controller_source,MTCN_LPV_MPC,xy_rmse,1,6,0.43760072158106333,0.27902218381571153,1.2890621504730364,p01_factory_logistics_showcase
A4,controller_source,MTCN_LPV_MPC,xy_rmse,7,6,0.406470224966079,0.330278428854796,0.9336120304558261,p01_factory_logistics_showcase
A4,controller_source,MTCN_LPV_MPC,xy_rmse,11,6,0.6944707463150466,0.33515536893676146,2.575398370315098,p01_factory_logistics_showcase
A4,controller_source,MTCN_LPV_MPC,xy_rmse,21,6,0.3487401097745135,0.27942076211164213,0.7823488677984906,p01_factory_logistics_showcase
A4,controller_source,MTCN_LPV_MPC,xy_rmse,42,6,0.3648202187193376,0.3762125045097704,0.57516722550427,p03_long_updown
A4,controller_source,MTCN_LPV_MPC,xy_rmse,73,6,0.3644598163453234,0.31372528809113137,0.7274060991045235,p01_factory_logistics_showcase
A4,controller_source,MTCN_LPV_MPC,xy_rmse,101,6,0.6599562539059939,0.3928770319223888,1.445947177127717,p01_factory_logistics_showcase
A4,controller_source,MTCN_LPV_MPC,xy_rmse,202,6,0.4617162368408363,0.3932313380014133,0.7904437368333298,p01_factory_logistics_showcase
A4,controller_source,MTCN_LPV_MPC,xy_rmse,340,6,0.3652132699887319,0.29927448268041495,0.879721834372874,p01_factory_logistics_showcase
A4,controller_source,MTCN_LPV_MPC,xy_rmse,520,6,0.9553844899025358,0.4897657295254382,3.63133090435228,p01_factory_logistics_showcase
A4,controller_source,MTCN_LPV_MPC,omega_cmd_rms,1,6,0.05772767542274304,0.05800137636231527,0.08543290221508104,p02_sharp_turn_transition
A4,controller_source,MTCN_LPV_MPC,omega_cmd_rms,7,6,0.059516871335699294,0.06345624531446316,0.07979500735299307,p02_sharp_turn_transition
A4,controller_source,MTCN_LPV_MPC,omega_cmd_rms,11,6,0.05477259471362339,0.056011492702727664,0.07274771811846088,p02_sharp_turn_transition
A4,controller_source,MTCN_LPV_MPC,omega_cmd_rms,21,6,0.05672363794168253,0.04974302287424687,0.09903942359958211,p02_sharp_turn_transition
A4,controller_source,MTCN_LPV_MPC,omega_cmd_rms,42,6,0.05084201463739587,0.04698859192630807,0.07008885818543459,p02_sharp_turn_transition
A4,controller_source,MTCN_LPV_MPC,omega_cmd_rms,73,6,0.0545661907423243,0.04900913641096685,0.08941081553138193,p02_sharp_turn_transition
A4,controller_source,MTCN_LPV_MPC,omega_cmd_rms,101,6,0.07027480003132815,0.0653532280153487,0.13259090254536748,p05_factory_flat_logistics
A4,controller_source,MTCN_LPV_MPC,omega_cmd_rms,202,6,0.05671408632328561,0.05244606165247303,0.09161817028806932,p02_sharp_turn_transition
A4,controller_source,MTCN_LPV_MPC,omega_cmd_rms,340,6,0.05405369021094009,0.049950286707479474,0.07935280908789862,p02_sharp_turn_transition
A4,controller_source,MTCN_LPV_MPC,omega_cmd_rms,520,6,0.07156292466813215,0.0603374714704057,0.15973170381113794,p01_factory_logistics_showcase
A4,controller_source,MTCN_LPV_MPC,ey_peak,1,6,0.05122572761001376,0.05205166575150358,0.08712544802797564,p01_factory_logistics_showcase
A4,controller_source,MTCN_LPV_MPC,ey_peak,7,6,0.09093809347233474,0.054849833740674134,0.29175530301382946,p01_factory_logistics_showcase
A4,controller_source,MTCN_LPV_MPC,ey_peak,11,6,0.08108474231301567,0.07135846744278751,0.22299861919055208,p03_long_updown
A4,controller_source,MTCN_LPV_MPC,ey_peak,21,6,0.05954849955296293,0.06317128818433507,0.11150022032987525,p02_sharp_turn_transition
A4,controller_source,MTCN_LPV_MPC,ey_peak,42,6,0.05750417538115483,0.057474288647137634,0.121734874210284,p02_sharp_turn_transition
A4,controller_source,MTCN_LPV_MPC,ey_peak,73,6,0.060733122875445834,0.04677460329432029,0.15659315476027566,p02_sharp_turn_transition
A4,controller_source,MTCN_LPV_MPC,ey_peak,101,6,0.12929601803583812,0.11058769051502058,0.3167641734526311,p05_factory_flat_logistics
A4,controller_source,MTCN_LPV_MPC,ey_peak,202,6,0.07260817866939175,0.06833422233844924,0.1596686344868697,p02_sharp_turn_transition
A4,controller_source,MTCN_LPV_MPC,ey_peak,340,6,0.052281425719456064,0.047961236377271274,0.10603061355318684,p03_long_updown
A4,controller_source,MTCN_LPV_MPC,ey_peak,520,6,0.16972640682269902,0.10279483713004947,0.5099960828936998,p01_factory_logistics_showcase
A4,controller_source,MTCN_LPV_MPC,epsi_peak,1,6,0.04576228629792705,0.040420888561200075,0.09633098290732311,p01_factory_logistics_showcase
A4,controller_source,MTCN_LPV_MPC,epsi_peak,7,6,0.07849320625141308,0.050118325740819925,0.21541150610332316,p01_factory_logistics_showcase
A4,controller_source,MTCN_LPV_MPC,epsi_peak,11,6,0.06153188405858817,0.04904466805714933,0.147509183651509,p01_factory_logistics_showcase
A4,controller_source,MTCN_LPV_MPC,epsi_peak,21,6,0.04660890351229202,0.05042089220606616,0.0751185163216248,p01_factory_logistics_showcase
A4,controller_source,MTCN_LPV_MPC,epsi_peak,42,6,0.046032553686485206,0.03138733228620871,0.09913500058705482,p02_sharp_turn_transition
A4,controller_source,MTCN_LPV_MPC,epsi_peak,73,6,0.04049960369640119,0.04231094007664063,0.0641745205464277,p02_sharp_turn_transition
A4,controller_source,MTCN_LPV_MPC,epsi_peak,101,6,0.09848376180825674,0.0811290366870139,0.1993610096606194,p05_factory_flat_logistics
A4,controller_source,MTCN_LPV_MPC,epsi_peak,202,6,0.05955731370576245,0.06569001787959244,0.10363687755295417,p01_factory_logistics_showcase
A4,controller_source,MTCN_LPV_MPC,epsi_peak,340,6,0.042365500586463954,0.040220183540021305,0.06843118395648873,p02_sharp_turn_transition
A4,controller_source,MTCN_LPV_MPC,epsi_peak,520,6,0.10022949349685378,0.062228682757872245,0.3096323974206947,p01_factory_logistics_showcase
A4,controller_source,MTCN_LPV_MPC,ev_rmse,1,6,0.024493953638923354,0.026019507440410893,0.047445544850892446,p03_long_updown
A4,controller_source,MTCN_LPV_MPC,ev_rmse,7,6,0.030261759933440397,0.03168621958363002,0.052896832562916,p03_long_updown
A4,controller_source,MTCN_LPV_MPC,ev_rmse,11,6,0.025501634455569824,0.030024378366094406,0.048685044756265734,p03_long_updown
A4,controller_source,MTCN_LPV_MPC,ev_rmse,21,6,0.02644077586406163,0.0205860496310437,0.06299709229414824,p03_long_updown
A4,controller_source,MTCN_LPV_MPC,ev_rmse,42,6,0.02663917550449921,0.026117569591624923,0.05443442852411526,p03_long_updown
A4,controller_source,MTCN_LPV_MPC,ev_rmse,73,6,0.02575023922069128,0.025719191324200075,0.05133635056761324,p03_long_updown
A4,controller_source,MTCN_LPV_MPC,ev_rmse,101,6,0.03781873156184474,0.03415621961135769,0.06161394527118928,p03_long_updown
A4,controller_source,MTCN_LPV_MPC,ev_rmse,202,6,0.030727783265763215,0.03408962047002671,0.05695052818195073,p03_long_updown
A4,controller_source,MTCN_LPV_MPC,ev_rmse,340,6,0.02543970615211633,0.02339509710701266,0.05633109163228578,p03_long_updown
A4,controller_source,MTCN_LPV_MPC,ev_rmse,520,6,0.029689891548056593,0.03185426229657039,0.06087894215271219,p03_long_updown
