role,path,exists,expected_sha256,actual_sha256,sha256_match,critical,bytes,model_seed,registry_status,checkpoint_file,checkpoint_sha256,checkpoint_sha256_match,onnx_file,onnx_sha256,onnx_exists,export_meta_file,export_checkpoint_match,dataset_sha256
A0 protocol,results/paper/7.6/A0_论文最终统一实验配置_20260715.json,True,1fdb75a7effbc2da5d2217df415004a5819eb577c6fdc275ad0f94520860c911,1fdb75a7effbc2da5d2217df415004a5819eb577c6fdc275ad0f94520860c911,True,True,18068,,,,,,,,,,,
A0 explanation,results/paper/7.6/A0_论文最终统一实验配置说明_20260715.md,True,,44155532ef770dbb5c4817006caa80213cb2ede7390ee8dbcc75085425058173,True,True,7112,,,,,,,,,,,
A1 receipt,results/modern_tcn_metric_rebuild/39_paper_final_frozen_benchmark/01_A1_algorithm_comparison/receipt.json,True,,93db10b3b7c0e0e213fa2df69256ced6139af9c4184335196f2fe836449a7459,True,True,2435,,,,,,,,,,,
A3 reuse receipt,results/modern_tcn_metric_rebuild/39_paper_final_frozen_benchmark/03_A3_slope_scheduling_necessity/04_summary/a4_artifact_receipt.json,True,,f1684870e546fc425e54ad3c7cde96247ef663e9ede669a17ee6573651eb78cf,True,True,17293,,,,,,,,,,,
A5 frozen analysis plan,results/modern_tcn_metric_rebuild/39_paper_final_frozen_benchmark/05_A5_statistical_audit/00_protocol_lock/analysis_plan.json,True,,f6f5d85197268cd202748ae50805ad9b6cefe75c451ba5652e82c47f80baf4a9,True,True,4069,,,,,,,,,,,
Node42 protocol,results/modern_tcn_metric_rebuild/42_fusion_guard_repair_and_innovation3/00_protocol_lock/node42_protocol.json,True,,281961986c28ac1bad5c41abb3c4be00d12e702cb2f32dd994bbaf97b8ec636f,True,True,1909,,,,,,,,,,,
Node42 development summary,results/modern_tcn_metric_rebuild/42_fusion_guard_repair_and_innovation3/04_summaries/innovation_development_summary.json,True,,e4da86af6d048e9b9ec0ff21a8720e7d00c620342327ba993abb668f02d7f482,True,True,1033,,,,,,,,,,,
paper_v3 protected source,results/paper/Latex/paper_v3.tex,True,,b856735de9374ced14941812a38e0d19fb5de12bd45f1083d2e5ece2d42b494e,True,True,133245,,,,,,,,,,,
dataset,data/tcn/ModernTCN_dataset_agv_dualsteer_theta10_uniform_conf_h0_v5_plantfix_passive17_plus_all5.mat,True,ab5dde32ef3627aa7032a3b4f7632c87cb471287a638f2b14a25a179a660196f,ab5dde32ef3627aa7032a3b4f7632c87cb471287a638f2b14a25a179a660196f,True,True,446285336,,,,,,,,,,,
dataset contract,data/tcn/ModernTCN_dataset_agv_dualsteer_theta10_uniform_conf_h0_v5_plantfix_passive17_plus_all5_contract.json,True,6bb404df7b3fd7b3abb32ef664e0d558e4dc81505e1b2ce7db3decd0116a2457,6bb404df7b3fd7b3abb32ef664e0d558e4dc81505e1b2ce7db3decd0116a2457,True,True,3047,,,,,,,,,,,
A0 path p01_factory_logistics_showcase,data/paths/path_factory_logistics_showcase_theta10_v10.mat,True,4291e3ad60a5e3dbb79ae60f115c53bc6db71447309c758b97bf539f56e58670,4291e3ad60a5e3dbb79ae60f115c53bc6db71447309c758b97bf539f56e58670,True,True,1284661,,,,,,,,,,,
A0 path p02_sharp_turn_transition,data/paths/path_closed_loop_sharp_turn_transition_theta10_v1.mat,True,c5c5f33077067f1c98bd319d199cc4f4096aa6fa309f8d692c5662882e5d1f68,c5c5f33077067f1c98bd319d199cc4f4096aa6fa309f8d692c5662882e5d1f68,True,True,334913,,,,,,,,,,,
A0 path p03_long_updown,data/paths/path_closed_loop_long_updown_theta10_v1.mat,True,ab82393620a90964d3973f42bec9bcdb8ac0733db5db08670d152fded5ca2e08,ab82393620a90964d3973f42bec9bcdb8ac0733db5db08670d152fded5ca2e08,True,True,297731,,,,,,,,,,,
A0 path p04_soft_updown_straight_turn,data/paths/modern_tcn_showcase/candidates/path_modern_tcn_showcase_candidate_soft_updown_straight_turn_v1.mat,True,0ceee80c3e6883f803df538a0e3519d2ac14966ab70af5c17e9514dd50fa895d,0ceee80c3e6883f803df538a0e3519d2ac14966ab70af5c17e9514dd50fa895d,True,True,341426,,,,,,,,,,,
A0 path p05_factory_flat_logistics,data/paths/modern_tcn_showcase/candidates/path_modern_tcn_showcase_candidate_factory_flat_logistics_safe_190_v1.mat,True,8817d10f891dfc8956d676081c946c68714043e541c31ba54c4656fd09d8687e,8817d10f891dfc8956d676081c946c68714043e541c31ba54c4656fd09d8687e,True,True,966497,,,,,,,,,,,
A0 path p06_downhill_after_turn,data/paths/factory_targeted_eval/path_factory_target_downhill_straight_after_turn_v1.mat,True,c929727187cf8ae08030636e47d2b0a465d2cddaa68f0b8b8b0b8a5ad630ece8,c929727187cf8ae08030636e47d2b0a465d2cddaa68f0b8b8b0b8a5ad630ece8,True,True,318564,,,,,,,,,,,
plant chain,src/core/agv_model_sfunc.m,True,848e2988038b2f75cebaf8fed8cf174ec1a811109c62fad54100b72be1b72788,848e2988038b2f75cebaf8fed8cf174ec1a811109c62fad54100b72be1b72788,True,True,5005,,,,,,,,,,,
plant chain,src/core/output_eq_ref.m,True,3af89d6df395042136c5b828aab8b78db53985b84c55384281b9897ce89017df,3af89d6df395042136c5b828aab8b78db53985b84c55384281b9897ce89017df,True,True,15600,,,,,,,,,,,
plant chain,src/core/state_eq_ref.m,True,f4ddd25e2a2c005c33a84b3fb49b362196a3aa0be65b3c1d0b8d034826d5304f,f4ddd25e2a2c005c33a84b3fb49b362196a3aa0be65b3c1d0b8d034826d5304f,True,True,25234,,,,,,,,,,,
plant chain,src/core/state_eq.m,True,370753a9c54cb660b67e7ee4486f7f6571f54fca1e3a16bfc87ec47f4e1dc368,370753a9c54cb660b67e7ee4486f7f6571f54fca1e3a16bfc87ec47f4e1dc368,True,True,25206,,,,,,,,,,,
plant chain,src/core/parameters.m,True,f67f2dc8f75ab3c2d1096d53b71b6b318af533093c4bfe84fd783a2555fd5999,f67f2dc8f75ab3c2d1096d53b71b6b318af533093c4bfe84fd783a2555fd5999,True,True,6758,,,,,,,,,,,
LPV database,results/paper/agv_model_parameter_correction_workflow/04_lpv_database/lin_agv_db_agv_physics_v2_plantfix.mat,True,20e79eceb634115346fb062ebe3d7a64aaa777ad149b9a49d473caf65ef46176,20e79eceb634115346fb062ebe3d7a64aaa777ad149b9a49d473caf65ef46176,True,True,251201,,,,,,,,,,,
MPC maps,results/paper/agv_model_parameter_correction_workflow/06_mpc_retuning/maps_best_agv_physics_v2_plantfix_stage1.mat,True,f7b158ae305d35bd86305d1a98a7154872e00235948f0fc346cf20ffa825d947,f7b158ae305d35bd86305d1a98a7154872e00235948f0fc346cf20ffa825d947,True,True,475633,,,,,,,,,,,
controller cache,data/models/ctrl.mat,True,29db93a5eca884d1113873203a602bb57e31e1b1351e7cbe2690d98028a723ef,29db93a5eca884d1113873203a602bb57e31e1b1351e7cbe2690d98028a723ef,True,True,172602,,,,,,,,,,,
delta_bank checkpoint seed1,results/modern_tcn_metric_rebuild/25_lag_representation_repair/02_train_candidates/delta_bank_124/seed1/modern_tcn_seed1.pt,True,4acc5f0d234237535a8b6ce27278857ebbacf8e1cbbb1f7d7d760fa14465bf98,4acc5f0d234237535a8b6ce27278857ebbacf8e1cbbb1f7d7d760fa14465bf98,True,True,633841,,,,,,,,,,,
Node42 ONNX seed1,results/modern_tcn_metric_rebuild/25_lag_representation_repair/03_onnx_and_smoke/delta_bank_124/seed1/modern_tcn_delta_bank_124_seed1.onnx,True,,ef443a70f6a9d28bed5a290b75bf28564e845cd6d2e8a1361a549bfc238b123b,True,True,578793,,,,,,,,,,,
Node42 ONNX metadata seed1,results/modern_tcn_metric_rebuild/25_lag_representation_repair/03_onnx_and_smoke/delta_bank_124/seed1/modern_tcn_delta_bank_124_seed1_onnx_export.json,True,,0a10a5754709a560e3a994a0fb3caee80de5692d600d800b11f00c9be7a33806,True,True,1452,,,,,,,,,,,
delta_bank checkpoint seed7,results/modern_tcn_metric_rebuild/25_lag_representation_repair/02_train_candidates/delta_bank_124/seed7/modern_tcn_seed7.pt,True,05f593a719bb584725b6f69e6e1c082dea677044b744a0189bba9942c885c7df,05f593a719bb584725b6f69e6e1c082dea677044b744a0189bba9942c885c7df,True,True,633841,,,,,,,,,,,
Node42 ONNX seed7,results/modern_tcn_metric_rebuild/25_lag_representation_repair/03_onnx_and_smoke/delta_bank_124/seed7/modern_tcn_delta_bank_124_seed7.onnx,True,,a47ac6d12b085303463da85e27017059913b72dcb5163a265c4cfcab9e90eeda,True,True,578793,,,,,,,,,,,
Node42 ONNX metadata seed7,results/modern_tcn_metric_rebuild/25_lag_representation_repair/03_onnx_and_smoke/delta_bank_124/seed7/modern_tcn_delta_bank_124_seed7_onnx_export.json,True,,7fe342c6c9277cb7eb5418fa04db5396b1f95a37e86ab469cddf140bbd4653a6,True,True,1452,,,,,,,,,,,
delta_bank checkpoint seed11,results/modern_tcn_metric_rebuild/25_lag_representation_repair/02_train_candidates/delta_bank_124/seed11/modern_tcn_seed11.pt,True,c370dd2adfa4e06276b3e2c02cac578471aa61c2d341ef8ecabbe21238638946,c370dd2adfa4e06276b3e2c02cac578471aa61c2d341ef8ecabbe21238638946,True,True,633947,,,,,,,,,,,
Node42 ONNX seed11,results/modern_tcn_metric_rebuild/25_lag_representation_repair/03_onnx_and_smoke/delta_bank_124/seed11/modern_tcn_delta_bank_124_seed11.onnx,True,,f3f81fe73abfbc90def6040d3bed3ce60b1c1c361d02277f37550f8c954f7fbb,True,True,578793,,,,,,,,,,,
Node42 ONNX metadata seed11,results/modern_tcn_metric_rebuild/25_lag_representation_repair/03_onnx_and_smoke/delta_bank_124/seed11/modern_tcn_delta_bank_124_seed11_onnx_export.json,True,,ca903ab9c7dcd0806b4f07abbad7f12688a45465a15d62547112f2229fcf9829,True,True,1458,,,,,,,,,,,
delta_bank checkpoint seed21,results/modern_tcn_metric_rebuild/25_lag_representation_repair/02_train_candidates/delta_bank_124/seed21/modern_tcn_seed21.pt,True,c1cc5bbce06528538d78a0e3ded59068c275c6555d3b0ddd63b369f1998b1bf4,c1cc5bbce06528538d78a0e3ded59068c275c6555d3b0ddd63b369f1998b1bf4,True,True,633947,,,,,,,,,,,
Node42 ONNX seed21,results/modern_tcn_metric_rebuild/25_lag_representation_repair/03_onnx_and_smoke/delta_bank_124/seed21/modern_tcn_delta_bank_124_seed21.onnx,True,,54ddb4181c5f8a306abfd853c281c1297c5bc1dfd1f799f14084b0da6e048f0c,True,True,578793,,,,,,,,,,,
Node42 ONNX metadata seed21,results/modern_tcn_metric_rebuild/25_lag_representation_repair/03_onnx_and_smoke/delta_bank_124/seed21/modern_tcn_delta_bank_124_seed21_onnx_export.json,True,,a1b2886723efd208f048fbea92dfd0b7248f0cec59ed70cc5fb42e2379285404,True,True,1458,,,,,,,,,,,
delta_bank checkpoint seed42,results/modern_tcn_metric_rebuild/25_lag_representation_repair/02_train_candidates/delta_bank_124/seed42/modern_tcn_seed42.pt,True,d49238d2a90803a4abbc8ca65f822b3f65f4f77b62be3b9f10227b9e038895f7,d49238d2a90803a4abbc8ca65f822b3f65f4f77b62be3b9f10227b9e038895f7,True,True,633947,,,,,,,,,,,
Node42 ONNX seed42,results/modern_tcn_metric_rebuild/25_lag_representation_repair/03_onnx_and_smoke/delta_bank_124/seed42/modern_tcn_delta_bank_124_seed42.onnx,True,,45e1fc805ca93c2572d85bf4d90744b7f486b0bddbd7503cd44e9c2b1ee4835e,True,True,578793,,,,,,,,,,,
Node42 ONNX metadata seed42,results/modern_tcn_metric_rebuild/25_lag_representation_repair/03_onnx_and_smoke/delta_bank_124/seed42/modern_tcn_delta_bank_124_seed42_onnx_export.json,True,,9ae412d54543156852478d1e91006e1bb8f0c67ecc219f8a5d7b98a9e41d12b7,True,True,1458,,,,,,,,,,,
delta_bank checkpoint seed73,results/modern_tcn_metric_rebuild/25_lag_representation_repair/02_train_candidates/delta_bank_124/seed73/modern_tcn_seed73.pt,True,8b3f7d76813ba58995e3a7cf392ba8c47cfb05c9c8866f84d1a9fdb547e7534c,8b3f7d76813ba58995e3a7cf392ba8c47cfb05c9c8866f84d1a9fdb547e7534c,True,True,633947,,,,,,,,,,,
Node42 ONNX seed73,results/modern_tcn_metric_rebuild/25_lag_representation_repair/03_onnx_and_smoke/delta_bank_124/seed73/modern_tcn_delta_bank_124_seed73.onnx,True,,131d84795075d433365562a213074aab8a4c381ae047b34903a5d98aa6e0a8e9,True,True,578793,,,,,,,,,,,
Node42 ONNX metadata seed73,results/modern_tcn_metric_rebuild/25_lag_representation_repair/03_onnx_and_smoke/delta_bank_124/seed73/modern_tcn_delta_bank_124_seed73_onnx_export.json,True,,f08fa9ac9ee89450f8311031f0e2a53661ab97cfab7efc843e058e7bd21d9fe7,True,True,1458,,,,,,,,,,,
delta_bank checkpoint seed101,results/modern_tcn_metric_rebuild/25_lag_representation_repair/02_train_candidates/delta_bank_124/seed101/modern_tcn_seed101.pt,True,017748ffc28924f27d5ba16d223790d2dfcf918319294ae13c01072939525b07,017748ffc28924f27d5ba16d223790d2dfcf918319294ae13c01072939525b07,True,True,634053,,,,,,,,,,,
Node42 ONNX seed101,results/modern_tcn_metric_rebuild/25_lag_representation_repair/03_onnx_and_smoke/delta_bank_124/seed101/modern_tcn_delta_bank_124_seed101.onnx,True,,bbd602906a46b8ed9becd5b0a6f870c3c635b35b8647c90a5743a19e80b56857,True,True,578793,,,,,,,,,,,
Node42 ONNX metadata seed101,results/modern_tcn_metric_rebuild/25_lag_representation_repair/03_onnx_and_smoke/delta_bank_124/seed101/modern_tcn_delta_bank_124_seed101_onnx_export.json,True,,ab182f3ce296a3b7b08c7d1dae972a1c3df6ee1a460847e9b08132db132af13e,True,True,1464,,,,,,,,,,,
delta_bank checkpoint seed202,results/modern_tcn_metric_rebuild/25_lag_representation_repair/02_train_candidates/delta_bank_124/seed202/modern_tcn_seed202.pt,True,daa07903b629e84a714d51599e66a5971a6da5f6aaa60c6b0fb6dc42d709cb35,daa07903b629e84a714d51599e66a5971a6da5f6aaa60c6b0fb6dc42d709cb35,True,True,634053,,,,,,,,,,,
Node42 ONNX seed202,results/modern_tcn_metric_rebuild/25_lag_representation_repair/03_onnx_and_smoke/delta_bank_124/seed202/modern_tcn_delta_bank_124_seed202.onnx,True,,21aec91133307a92fb4a6404b63a06d979e69b6d9041dad697265df3df15ddaa,True,True,578793,,,,,,,,,,,
Node42 ONNX metadata seed202,results/modern_tcn_metric_rebuild/25_lag_representation_repair/03_onnx_and_smoke/delta_bank_124/seed202/modern_tcn_delta_bank_124_seed202_onnx_export.json,True,,5dbda9ebe1d701b9c7ad3f61b7269b90ea5b1f68a998f7a8ddf2df90bd1e44b2,True,True,1464,,,,,,,,,,,
delta_bank checkpoint seed340,results/modern_tcn_metric_rebuild/25_lag_representation_repair/02_train_candidates/delta_bank_124/seed340/modern_tcn_seed340.pt,True,2ecb9a597b3560cc65699f78df75fc9200f2c9e03e19226f91f2f11ff0c5aaa3,2ecb9a597b3560cc65699f78df75fc9200f2c9e03e19226f91f2f11ff0c5aaa3,True,True,634053,,,,,,,,,,,
Node42 ONNX seed340,results/modern_tcn_metric_rebuild/25_lag_representation_repair/03_onnx_and_smoke/delta_bank_124/seed340/modern_tcn_delta_bank_124_seed340.onnx,True,,264a338bed02ce28bbd7f005df0eb00e4d2a5490d5dd4ebdb787fd02b3b33614,True,True,578793,,,,,,,,,,,
Node42 ONNX metadata seed340,results/modern_tcn_metric_rebuild/25_lag_representation_repair/03_onnx_and_smoke/delta_bank_124/seed340/modern_tcn_delta_bank_124_seed340_onnx_export.json,True,,291c9b8ad7cfc4fbd09dda9a8b8299592c1bd5142304ab8ab9a682fe8938beb2,True,True,1464,,,,,,,,,,,
delta_bank checkpoint seed520,results/modern_tcn_metric_rebuild/25_lag_representation_repair/02_train_candidates/delta_bank_124/seed520/modern_tcn_seed520.pt,True,bc41190a53232f9833a14b7589df3ebcbfdc8c0d81e8210d1199df9959eee639,bc41190a53232f9833a14b7589df3ebcbfdc8c0d81e8210d1199df9959eee639,True,True,634053,,,,,,,,,,,
Node42 ONNX seed520,results/modern_tcn_metric_rebuild/25_lag_representation_repair/03_onnx_and_smoke/delta_bank_124/seed520/modern_tcn_delta_bank_124_seed520.onnx,True,,cbb3d050b4bfe96f1124a3a8f0f990dc0c2d2dac529c123420c5c62a2cd20a75,True,True,578793,,,,,,,,,,,
Node42 ONNX metadata seed520,results/modern_tcn_metric_rebuild/25_lag_representation_repair/03_onnx_and_smoke/delta_bank_124/seed520/modern_tcn_delta_bank_124_seed520_onnx_export.json,True,,a27d5d836fd7c05cfbca1308e1f0f44a086030cc3679ba68db5ac6d048a8b0d4,True,True,1464,,,,,,,,,,,
checkpoint_registry,,,,,,,,1,READY,E:\Matlab\Simulink\S-Function_16\results\modern_tcn_metric_rebuild\25_lag_representation_repair\02_train_candidates\delta_bank_124\seed1\modern_tcn_seed1.pt,4acc5f0d234237535a8b6ce27278857ebbacf8e1cbbb1f7d7d760fa14465bf98,True,E:\Matlab\Simulink\S-Function_16\results\modern_tcn_metric_rebuild\25_lag_representation_repair\03_onnx_and_smoke\delta_bank_124\seed1\modern_tcn_delta_bank_124_seed1.onnx,ef443a70f6a9d28bed5a290b75bf28564e845cd6d2e8a1361a549bfc238b123b,True,E:\Matlab\Simulink\S-Function_16\results\modern_tcn_metric_rebuild\25_lag_representation_repair\03_onnx_and_smoke\delta_bank_124\seed1\modern_tcn_delta_bank_124_seed1_onnx_export.json,True,ab5dde32ef3627aa7032a3b4f7632c87cb471287a638f2b14a25a179a660196f
checkpoint_registry,,,,,,,,7,READY,E:\Matlab\Simulink\S-Function_16\results\modern_tcn_metric_rebuild\25_lag_representation_repair\02_train_candidates\delta_bank_124\seed7\modern_tcn_seed7.pt,05f593a719bb584725b6f69e6e1c082dea677044b744a0189bba9942c885c7df,True,E:\Matlab\Simulink\S-Function_16\results\modern_tcn_metric_rebuild\25_lag_representation_repair\03_onnx_and_smoke\delta_bank_124\seed7\modern_tcn_delta_bank_124_seed7.onnx,a47ac6d12b085303463da85e27017059913b72dcb5163a265c4cfcab9e90eeda,True,E:\Matlab\Simulink\S-Function_16\results\modern_tcn_metric_rebuild\25_lag_representation_repair\03_onnx_and_smoke\delta_bank_124\seed7\modern_tcn_delta_bank_124_seed7_onnx_export.json,True,ab5dde32ef3627aa7032a3b4f7632c87cb471287a638f2b14a25a179a660196f
checkpoint_registry,,,,,,,,11,READY,E:\Matlab\Simulink\S-Function_16\results\modern_tcn_metric_rebuild\25_lag_representation_repair\02_train_candidates\delta_bank_124\seed11\modern_tcn_seed11.pt,c370dd2adfa4e06276b3e2c02cac578471aa61c2d341ef8ecabbe21238638946,True,E:\Matlab\Simulink\S-Function_16\results\modern_tcn_metric_rebuild\25_lag_representation_repair\03_onnx_and_smoke\delta_bank_124\seed11\modern_tcn_delta_bank_124_seed11.onnx,f3f81fe73abfbc90def6040d3bed3ce60b1c1c361d02277f37550f8c954f7fbb,True,E:\Matlab\Simulink\S-Function_16\results\modern_tcn_metric_rebuild\25_lag_representation_repair\03_onnx_and_smoke\delta_bank_124\seed11\modern_tcn_delta_bank_124_seed11_onnx_export.json,True,ab5dde32ef3627aa7032a3b4f7632c87cb471287a638f2b14a25a179a660196f
checkpoint_registry,,,,,,,,21,READY,E:\Matlab\Simulink\S-Function_16\results\modern_tcn_metric_rebuild\25_lag_representation_repair\02_train_candidates\delta_bank_124\seed21\modern_tcn_seed21.pt,c1cc5bbce06528538d78a0e3ded59068c275c6555d3b0ddd63b369f1998b1bf4,True,E:\Matlab\Simulink\S-Function_16\results\modern_tcn_metric_rebuild\25_lag_representation_repair\03_onnx_and_smoke\delta_bank_124\seed21\modern_tcn_delta_bank_124_seed21.onnx,54ddb4181c5f8a306abfd853c281c1297c5bc1dfd1f799f14084b0da6e048f0c,True,E:\Matlab\Simulink\S-Function_16\results\modern_tcn_metric_rebuild\25_lag_representation_repair\03_onnx_and_smoke\delta_bank_124\seed21\modern_tcn_delta_bank_124_seed21_onnx_export.json,True,ab5dde32ef3627aa7032a3b4f7632c87cb471287a638f2b14a25a179a660196f
checkpoint_registry,,,,,,,,42,READY,E:\Matlab\Simulink\S-Function_16\results\modern_tcn_metric_rebuild\25_lag_representation_repair\02_train_candidates\delta_bank_124\seed42\modern_tcn_seed42.pt,d49238d2a90803a4abbc8ca65f822b3f65f4f77b62be3b9f10227b9e038895f7,True,E:\Matlab\Simulink\S-Function_16\results\modern_tcn_metric_rebuild\25_lag_representation_repair\03_onnx_and_smoke\delta_bank_124\seed42\modern_tcn_delta_bank_124_seed42.onnx,45e1fc805ca93c2572d85bf4d90744b7f486b0bddbd7503cd44e9c2b1ee4835e,True,E:\Matlab\Simulink\S-Function_16\results\modern_tcn_metric_rebuild\25_lag_representation_repair\03_onnx_and_smoke\delta_bank_124\seed42\modern_tcn_delta_bank_124_seed42_onnx_export.json,True,ab5dde32ef3627aa7032a3b4f7632c87cb471287a638f2b14a25a179a660196f
checkpoint_registry,,,,,,,,73,READY,E:\Matlab\Simulink\S-Function_16\results\modern_tcn_metric_rebuild\25_lag_representation_repair\02_train_candidates\delta_bank_124\seed73\modern_tcn_seed73.pt,8b3f7d76813ba58995e3a7cf392ba8c47cfb05c9c8866f84d1a9fdb547e7534c,True,E:\Matlab\Simulink\S-Function_16\results\modern_tcn_metric_rebuild\25_lag_representation_repair\03_onnx_and_smoke\delta_bank_124\seed73\modern_tcn_delta_bank_124_seed73.onnx,131d84795075d433365562a213074aab8a4c381ae047b34903a5d98aa6e0a8e9,True,E:\Matlab\Simulink\S-Function_16\results\modern_tcn_metric_rebuild\25_lag_representation_repair\03_onnx_and_smoke\delta_bank_124\seed73\modern_tcn_delta_bank_124_seed73_onnx_export.json,True,ab5dde32ef3627aa7032a3b4f7632c87cb471287a638f2b14a25a179a660196f
checkpoint_registry,,,,,,,,101,READY,E:\Matlab\Simulink\S-Function_16\results\modern_tcn_metric_rebuild\25_lag_representation_repair\02_train_candidates\delta_bank_124\seed101\modern_tcn_seed101.pt,017748ffc28924f27d5ba16d223790d2dfcf918319294ae13c01072939525b07,True,E:\Matlab\Simulink\S-Function_16\results\modern_tcn_metric_rebuild\25_lag_representation_repair\03_onnx_and_smoke\delta_bank_124\seed101\modern_tcn_delta_bank_124_seed101.onnx,bbd602906a46b8ed9becd5b0a6f870c3c635b35b8647c90a5743a19e80b56857,True,E:\Matlab\Simulink\S-Function_16\results\modern_tcn_metric_rebuild\25_lag_representation_repair\03_onnx_and_smoke\delta_bank_124\seed101\modern_tcn_delta_bank_124_seed101_onnx_export.json,True,ab5dde32ef3627aa7032a3b4f7632c87cb471287a638f2b14a25a179a660196f
checkpoint_registry,,,,,,,,202,READY,E:\Matlab\Simulink\S-Function_16\results\modern_tcn_metric_rebuild\25_lag_representation_repair\02_train_candidates\delta_bank_124\seed202\modern_tcn_seed202.pt,daa07903b629e84a714d51599e66a5971a6da5f6aaa60c6b0fb6dc42d709cb35,True,E:\Matlab\Simulink\S-Function_16\results\modern_tcn_metric_rebuild\25_lag_representation_repair\03_onnx_and_smoke\delta_bank_124\seed202\modern_tcn_delta_bank_124_seed202.onnx,21aec91133307a92fb4a6404b63a06d979e69b6d9041dad697265df3df15ddaa,True,E:\Matlab\Simulink\S-Function_16\results\modern_tcn_metric_rebuild\25_lag_representation_repair\03_onnx_and_smoke\delta_bank_124\seed202\modern_tcn_delta_bank_124_seed202_onnx_export.json,True,ab5dde32ef3627aa7032a3b4f7632c87cb471287a638f2b14a25a179a660196f
checkpoint_registry,,,,,,,,340,READY,E:\Matlab\Simulink\S-Function_16\results\modern_tcn_metric_rebuild\25_lag_representation_repair\02_train_candidates\delta_bank_124\seed340\modern_tcn_seed340.pt,2ecb9a597b3560cc65699f78df75fc9200f2c9e03e19226f91f2f11ff0c5aaa3,True,E:\Matlab\Simulink\S-Function_16\results\modern_tcn_metric_rebuild\25_lag_representation_repair\03_onnx_and_smoke\delta_bank_124\seed340\modern_tcn_delta_bank_124_seed340.onnx,264a338bed02ce28bbd7f005df0eb00e4d2a5490d5dd4ebdb787fd02b3b33614,True,E:\Matlab\Simulink\S-Function_16\results\modern_tcn_metric_rebuild\25_lag_representation_repair\03_onnx_and_smoke\delta_bank_124\seed340\modern_tcn_delta_bank_124_seed340_onnx_export.json,True,ab5dde32ef3627aa7032a3b4f7632c87cb471287a638f2b14a25a179a660196f
checkpoint_registry,,,,,,,,520,READY,E:\Matlab\Simulink\S-Function_16\results\modern_tcn_metric_rebuild\25_lag_representation_repair\02_train_candidates\delta_bank_124\seed520\modern_tcn_seed520.pt,bc41190a53232f9833a14b7589df3ebcbfdc8c0d81e8210d1199df9959eee639,True,E:\Matlab\Simulink\S-Function_16\results\modern_tcn_metric_rebuild\25_lag_representation_repair\03_onnx_and_smoke\delta_bank_124\seed520\modern_tcn_delta_bank_124_seed520.onnx,cbb3d050b4bfe96f1124a3a8f0f990dc0c2d2dac529c123420c5c62a2cd20a75,True,E:\Matlab\Simulink\S-Function_16\results\modern_tcn_metric_rebuild\25_lag_representation_repair\03_onnx_and_smoke\delta_bank_124\seed520\modern_tcn_delta_bank_124_seed520_onnx_export.json,True,ab5dde32ef3627aa7032a3b4f7632c87cb471287a638f2b14a25a179a660196f
